USE Course_Work_MusicApp;

INSERT INTO `countries` (`id`, `name`) VALUES ('2', 'Bermuda');
INSERT INTO `countries` (`id`, `name`) VALUES ('4', 'Bhutan');
INSERT INTO `countries` (`id`, `name`) VALUES ('3', 'Cameroon');
INSERT INTO `countries` (`id`, `name`) VALUES ('9', 'Chad');
INSERT INTO `countries` (`id`, `name`) VALUES ('7', 'Egypt');
INSERT INTO `countries` (`id`, `name`) VALUES ('10', 'Ghana');
INSERT INTO `countries` (`id`, `name`) VALUES ('6', 'Korea');
INSERT INTO `countries` (`id`, `name`) VALUES ('8', 'Saint Barthelemy');
INSERT INTO `countries` (`id`, `name`) VALUES ('5', 'South Georgia and the South Sandwich Islands');
INSERT INTO `countries` (`id`, `name`) VALUES ('1', 'Trinidad and Tobago');

INSERT INTO `cities` (`id`, `country_id`, `name`) VALUES ('1', '1', 'East Evangeline');
INSERT INTO `cities` (`id`, `country_id`, `name`) VALUES ('2', '2', 'North Freddy');
INSERT INTO `cities` (`id`, `country_id`, `name`) VALUES ('3', '3', 'Connside');
INSERT INTO `cities` (`id`, `country_id`, `name`) VALUES ('4', '4', 'East Mauricioton');
INSERT INTO `cities` (`id`, `country_id`, `name`) VALUES ('5', '5', 'Barbaraberg');
INSERT INTO `cities` (`id`, `country_id`, `name`) VALUES ('6', '6', 'Zariaport');
INSERT INTO `cities` (`id`, `country_id`, `name`) VALUES ('7', '7', 'Jarodfort');
INSERT INTO `cities` (`id`, `country_id`, `name`) VALUES ('8', '8', 'Abernathyfort');
INSERT INTO `cities` (`id`, `country_id`, `name`) VALUES ('9', '9', 'Tomasafort');
INSERT INTO `cities` (`id`, `country_id`, `name`) VALUES ('10', '10', 'South Carmellastad');
INSERT INTO `cities` (`id`, `country_id`, `name`) VALUES ('11', '1', 'Oberbrunnerchester');
INSERT INTO `cities` (`id`, `country_id`, `name`) VALUES ('12', '2', 'Ramiroland');
INSERT INTO `cities` (`id`, `country_id`, `name`) VALUES ('13', '3', 'South Jamil');
INSERT INTO `cities` (`id`, `country_id`, `name`) VALUES ('14', '4', 'Hartmannburgh');
INSERT INTO `cities` (`id`, `country_id`, `name`) VALUES ('15', '5', 'Lake Vidalbury');
INSERT INTO `cities` (`id`, `country_id`, `name`) VALUES ('16', '6', 'Adelletown');
INSERT INTO `cities` (`id`, `country_id`, `name`) VALUES ('17', '7', 'Marlenberg');
INSERT INTO `cities` (`id`, `country_id`, `name`) VALUES ('18', '8', 'Lake Bianka');
INSERT INTO `cities` (`id`, `country_id`, `name`) VALUES ('19', '9', 'Octaviashire');
INSERT INTO `cities` (`id`, `country_id`, `name`) VALUES ('20', '10', 'Boscomouth');

INSERT INTO `images` (`id`, `source`) VALUES ('23', 'accusantium');
INSERT INTO `images` (`id`, `source`) VALUES ('19', 'aperiam');
INSERT INTO `images` (`id`, `source`) VALUES ('3', 'at');
INSERT INTO `images` (`id`, `source`) VALUES ('1', 'blanditiis');
INSERT INTO `images` (`id`, `source`) VALUES ('27', 'commodi');
INSERT INTO `images` (`id`, `source`) VALUES ('15', 'consectetur');
INSERT INTO `images` (`id`, `source`) VALUES ('17', 'delectus');
INSERT INTO `images` (`id`, `source`) VALUES ('5', 'dignissimos');
INSERT INTO `images` (`id`, `source`) VALUES ('30', 'distinctio');
INSERT INTO `images` (`id`, `source`) VALUES ('9', 'ducimus');
INSERT INTO `images` (`id`, `source`) VALUES ('28', 'ea');
INSERT INTO `images` (`id`, `source`) VALUES ('21', 'eius');
INSERT INTO `images` (`id`, `source`) VALUES ('20', 'est');
INSERT INTO `images` (`id`, `source`) VALUES ('8', 'et');
INSERT INTO `images` (`id`, `source`) VALUES ('6', 'fugit');
INSERT INTO `images` (`id`, `source`) VALUES ('10', 'id');
INSERT INTO `images` (`id`, `source`) VALUES ('13', 'incidunt');
INSERT INTO `images` (`id`, `source`) VALUES ('18', 'ipsa');
INSERT INTO `images` (`id`, `source`) VALUES ('25', 'labore');
INSERT INTO `images` (`id`, `source`) VALUES ('2', 'natus');
INSERT INTO `images` (`id`, `source`) VALUES ('11', 'nemo');
INSERT INTO `images` (`id`, `source`) VALUES ('14', 'nihil');
INSERT INTO `images` (`id`, `source`) VALUES ('16', 'pariatur');
INSERT INTO `images` (`id`, `source`) VALUES ('22', 'possimus');
INSERT INTO `images` (`id`, `source`) VALUES ('29', 'quas');
INSERT INTO `images` (`id`, `source`) VALUES ('12', 'qui');
INSERT INTO `images` (`id`, `source`) VALUES ('7', 'rerum');
INSERT INTO `images` (`id`, `source`) VALUES ('26', 'sequi');
INSERT INTO `images` (`id`, `source`) VALUES ('24', 'ullam');
INSERT INTO `images` (`id`, `source`) VALUES ('4', 'voluptatem');

INSERT INTO `albumns` (`id`, `photo_id`, `name`) VALUES ('1', '1', 'amet');
INSERT INTO `albumns` (`id`, `photo_id`, `name`) VALUES ('2', '2', 'itaque');
INSERT INTO `albumns` (`id`, `photo_id`, `name`) VALUES ('3', '3', 'corrupti');
INSERT INTO `albumns` (`id`, `photo_id`, `name`) VALUES ('4', '4', 'perspiciatis');
INSERT INTO `albumns` (`id`, `photo_id`, `name`) VALUES ('5', '5', 'quia');

INSERT INTO `music_types` (`id`, `type`) VALUES ('3', ' Blues');
INSERT INTO `music_types` (`id`, `type`) VALUES ('4', ' Country');
INSERT INTO `music_types` (`id`, `type`) VALUES ('11', ' Disco');
INSERT INTO `music_types` (`id`, `type`) VALUES ('10', ' Electronic');
INSERT INTO `music_types` (`id`, `type`) VALUES ('5', ' Fusion');
INSERT INTO `music_types` (`id`, `type`) VALUES ('8', ' Hip-Hop');
INSERT INTO `music_types` (`id`, `type`) VALUES ('13', ' Indie');
INSERT INTO `music_types` (`id`, `type`) VALUES ('2', ' Jazz');
INSERT INTO `music_types` (`id`, `type`) VALUES ('1', ' Pop Music');
INSERT INTO `music_types` (`id`, `type`) VALUES ('9', ' Rap');
INSERT INTO `music_types` (`id`, `type`) VALUES ('7', ' Reggae');
INSERT INTO `music_types` (`id`, `type`) VALUES ('12', ' Rock');
INSERT INTO `music_types` (`id`, `type`) VALUES ('6', 'Classical');

INSERT INTO `users` (`id`, `f_name`, `l_name`, `city_id`, `photo_id`, `email`, `phone_number`, `login`, `password_hash`) VALUES ('1', 'Eleonore', 'Lowe', '1', '1', 'anika14@example.com', '1-963-511-7824x744', 'hunter64', 'f3e5adfd2b915d86c41290b55819ccbf18dc0bc0');
INSERT INTO `users` (`id`, `f_name`, `l_name`, `city_id`, `photo_id`, `email`, `phone_number`, `login`, `password_hash`) VALUES ('2', 'Carmella', 'Kunze', '2', '2', 'phoebe48@example.org', '(745)747-8724x7882', 'hstracke', '9580e01ed8f03dda8c815c4626c6b584848800d8');
INSERT INTO `users` (`id`, `f_name`, `l_name`, `city_id`, `photo_id`, `email`, `phone_number`, `login`, `password_hash`) VALUES ('3', 'Shaniya', 'Kris', '3', '3', 'saige30@example.org', '01691752831', 'considine.martina', '819475f4aa156e5292ffd5cf83f52ba60a971971');
INSERT INTO `users` (`id`, `f_name`, `l_name`, `city_id`, `photo_id`, `email`, `phone_number`, `login`, `password_hash`) VALUES ('4', 'Vernon', 'Feest', '4', '4', 'nrodriguez@example.org', '03429157452', 'lora36', '2ad43d11b8d572357f2cc9ebfbc5b92ff2024b0c');
INSERT INTO `users` (`id`, `f_name`, `l_name`, `city_id`, `photo_id`, `email`, `phone_number`, `login`, `password_hash`) VALUES ('5', 'Anais', 'Dickinson', '5', '5', 'eusebio.metz@example.com', '08608724356', 'dedrick.dibbert', 'a27e33f6518cf6e403518c11df14b0659b37f819');
INSERT INTO `users` (`id`, `f_name`, `l_name`, `city_id`, `photo_id`, `email`, `phone_number`, `login`, `password_hash`) VALUES ('6', 'Marianna', 'Harris', '6', '6', 'ondricka.sandy@example.net', '260.093.2146x4477', 'charlotte.wiza', 'de1c6f540fe7c751d8cf8bf7698b2a64cc062d3b');
INSERT INTO `users` (`id`, `f_name`, `l_name`, `city_id`, `photo_id`, `email`, `phone_number`, `login`, `password_hash`) VALUES ('7', 'Mariah', 'Gutmann', '7', '7', 'pearlie59@example.net', '(613)810-4914', 'kaia.stracke', '0d8086251fe5ddf0862e61fc62e9667f247ea909');
INSERT INTO `users` (`id`, `f_name`, `l_name`, `city_id`, `photo_id`, `email`, `phone_number`, `login`, `password_hash`) VALUES ('8', 'Pasquale', 'Carter', '8', '8', 'esta82@example.com', '046-671-6709x0375', 'sasha40', 'da1946c64a75e87fce1d41faf39628286ed5590a');
INSERT INTO `users` (`id`, `f_name`, `l_name`, `city_id`, `photo_id`, `email`, `phone_number`, `login`, `password_hash`) VALUES ('9', 'Carmen', 'Medhurst', '9', '9', 'kreiger.marquise@example.org', '+26(3)9028158749', 'vvolkman', '5d2249358e67c97f34e75dbf7c797547d005db91');
INSERT INTO `users` (`id`, `f_name`, `l_name`, `city_id`, `photo_id`, `email`, `phone_number`, `login`, `password_hash`) VALUES ('10', 'Elva', 'Wilderman', '10', '10', 'ryan.wendell@example.org', '576.842.9949x40138', 'marvin.audrey', 'cfed22de7f6eb46f70037b29ae73054512c795d5');
INSERT INTO `users` (`id`, `f_name`, `l_name`, `city_id`, `photo_id`, `email`, `phone_number`, `login`, `password_hash`) VALUES ('11', 'Quinten', 'Cormier', '11', '11', 'aletha63@example.org', '740-280-4296', 'quinten.hoeger', '2d988fc6a834214d08c577670b48e2e08e854e53');
INSERT INTO `users` (`id`, `f_name`, `l_name`, `city_id`, `photo_id`, `email`, `phone_number`, `login`, `password_hash`) VALUES ('12', 'Chad', 'Von', '12', '12', 'stacey.gorczany@example.com', '(093)904-4128x6462', 'bednar.cullen', '83711d059813d0c0213a79d9750f18dc045c7aae');
INSERT INTO `users` (`id`, `f_name`, `l_name`, `city_id`, `photo_id`, `email`, `phone_number`, `login`, `password_hash`) VALUES ('13', 'Bryana', 'Mills', '13', '13', 'kkoss@example.org', '377-428-2623', 'frida.heidenreich', '573c214ba1901a4f04b2e6a2681694d4c8fedf7b');
INSERT INTO `users` (`id`, `f_name`, `l_name`, `city_id`, `photo_id`, `email`, `phone_number`, `login`, `password_hash`) VALUES ('14', 'Alejandra', 'Kuhn', '14', '14', 'qankunding@example.net', '(988)918-2466', 'dkris', '33bad7f127c63bfa66a94c5ec3f1a0930656e235');
INSERT INTO `users` (`id`, `f_name`, `l_name`, `city_id`, `photo_id`, `email`, `phone_number`, `login`, `password_hash`) VALUES ('15', 'Geo', 'Sipes', '15', '15', 'lebsack.vivian@example.org', '059-681-0793', 'torp.jeff', '9aabdaf17c9db8528f76bf5fa2a777c1a93b1f1a');
INSERT INTO `users` (`id`, `f_name`, `l_name`, `city_id`, `photo_id`, `email`, `phone_number`, `login`, `password_hash`) VALUES ('16', 'Estelle', 'Koch', '16', '16', 'bret.moore@example.com', '(609)181-3089', 'ivory.schumm', '57e2952790a90d12bfaf3bcd250014ebc538dbb6');
INSERT INTO `users` (`id`, `f_name`, `l_name`, `city_id`, `photo_id`, `email`, `phone_number`, `login`, `password_hash`) VALUES ('17', 'Mina', 'Johns', '17', '17', 'samanta71@example.net', '(443)741-0670', 'larson.eryn', '06d0a14937f557c1f9c6a69197042b00caafb178');
INSERT INTO `users` (`id`, `f_name`, `l_name`, `city_id`, `photo_id`, `email`, `phone_number`, `login`, `password_hash`) VALUES ('18', 'Meredith', 'Lesch', '18', '18', 'shields.selina@example.org', '(473)287-9162x3029', 'daugherty.hoyt', '5cd1fcb947fac6eb311693d9eff95b7766150213');
INSERT INTO `users` (`id`, `f_name`, `l_name`, `city_id`, `photo_id`, `email`, `phone_number`, `login`, `password_hash`) VALUES ('19', 'Unique', 'Block', '19', '19', 'danny63@example.org', '1-848-544-9419x20631', 'ortiz.demetrius', 'c3e609cde386e44ff3c2038bf7b0620e3bd6b15c');
INSERT INTO `users` (`id`, `f_name`, `l_name`, `city_id`, `photo_id`, `email`, `phone_number`, `login`, `password_hash`) VALUES ('20', 'Carli', 'Johns', '20', '20', 'chaz.parker@example.org', '524.323.9088', 'terrence48', '73c564a48abfb9224d4c3654f38e8989a4544359');

INSERT INTO `authors` (`id`, `user_id`, `pseudonym`) VALUES ('1', '1', 'raleigh08');
INSERT INTO `authors` (`id`, `user_id`, `pseudonym`) VALUES ('2', '2', 'eryn.herzog');
INSERT INTO `authors` (`id`, `user_id`, `pseudonym`) VALUES ('3', '3', 'elenora.kihn');
INSERT INTO `authors` (`id`, `user_id`, `pseudonym`) VALUES ('4', '4', 'grimes.zetta');
INSERT INTO `authors` (`id`, `user_id`, `pseudonym`) VALUES ('5', '5', 'vesta.schroeder');

INSERT INTO `music` (`id`, `author_id`, `type_id`, `photo_id`, `name`, `source`) VALUES ('1', '1', '1', '1', 'Commodi enim vel.', '34 pr');
INSERT INTO `music` (`id`, `author_id`, `type_id`, `photo_id`, `name`, `source`) VALUES ('2', '2', '2', '2', 'Sapiente qui.', '65 bl');
INSERT INTO `music` (`id`, `author_id`, `type_id`, `photo_id`, `name`, `source`) VALUES ('3', '3', '3', '3', 'Dolorum error.', '97 mx');
INSERT INTO `music` (`id`, `author_id`, `type_id`, `photo_id`, `name`, `source`) VALUES ('4', '4', '4', '4', 'Veritatis voluptate.', '74 uf');
INSERT INTO `music` (`id`, `author_id`, `type_id`, `photo_id`, `name`, `source`) VALUES ('5', '5', '5', '5', 'Ut ipsa.', '87 lk');
INSERT INTO `music` (`id`, `author_id`, `type_id`, `photo_id`, `name`, `source`) VALUES ('6', '1', '6', '6', 'Sed vel.', '78 tp');
INSERT INTO `music` (`id`, `author_id`, `type_id`, `photo_id`, `name`, `source`) VALUES ('7', '2', '7', '7', 'Vitae sed qui.', '70 tk');
INSERT INTO `music` (`id`, `author_id`, `type_id`, `photo_id`, `name`, `source`) VALUES ('8', '3', '8', '8', 'Eum voluptates.', '15 gf');
INSERT INTO `music` (`id`, `author_id`, `type_id`, `photo_id`, `name`, `source`) VALUES ('9', '4', '9', '9', 'Modi eaque nisi.', '75 eq');
INSERT INTO `music` (`id`, `author_id`, `type_id`, `photo_id`, `name`, `source`) VALUES ('10', '5', '10', '10', 'Deleniti suscipit.', '82 wz');
INSERT INTO `music` (`id`, `author_id`, `type_id`, `photo_id`, `name`, `source`) VALUES ('11', '1', '11', '11', 'Provident eaque.', '41 es');
INSERT INTO `music` (`id`, `author_id`, `type_id`, `photo_id`, `name`, `source`) VALUES ('12', '2', '12', '12', 'Porro et.', '25 cz');
INSERT INTO `music` (`id`, `author_id`, `type_id`, `photo_id`, `name`, `source`) VALUES ('13', '3', '13', '13', 'Itaque adipisci.', '83 en');
INSERT INTO `music` (`id`, `author_id`, `type_id`, `photo_id`, `name`, `source`) VALUES ('14', '4', '1', '14', 'Quia quod.', '64 he');
INSERT INTO `music` (`id`, `author_id`, `type_id`, `photo_id`, `name`, `source`) VALUES ('15', '5', '2', '15', 'Excepturi eveniet.', '96 rs');
INSERT INTO `music` (`id`, `author_id`, `type_id`, `photo_id`, `name`, `source`) VALUES ('16', '1', '3', '16', 'Facilis enim nemo.', '21 xi');
INSERT INTO `music` (`id`, `author_id`, `type_id`, `photo_id`, `name`, `source`) VALUES ('17', '2', '4', '17', 'Dolor sint.', '50 nt');
INSERT INTO `music` (`id`, `author_id`, `type_id`, `photo_id`, `name`, `source`) VALUES ('18', '3', '5', '18', 'Asperiores quis quis.', '86 yw');
INSERT INTO `music` (`id`, `author_id`, `type_id`, `photo_id`, `name`, `source`) VALUES ('19', '4', '6', '19', 'Deserunt provident.', '82 va');
INSERT INTO `music` (`id`, `author_id`, `type_id`, `photo_id`, `name`, `source`) VALUES ('20', '5', '7', '20', 'Quam ut.', '51 ur');

INSERT INTO `music_albumns` (`id`, `author_id`, `albumn_id`, `music_id`) VALUES ('1', '1', '1', '1');
INSERT INTO `music_albumns` (`id`, `author_id`, `albumn_id`, `music_id`) VALUES ('2', '2', '2', '2');
INSERT INTO `music_albumns` (`id`, `author_id`, `albumn_id`, `music_id`) VALUES ('3', '3', '3', '3');
INSERT INTO `music_albumns` (`id`, `author_id`, `albumn_id`, `music_id`) VALUES ('4', '4', '4', '4');
INSERT INTO `music_albumns` (`id`, `author_id`, `albumn_id`, `music_id`) VALUES ('5', '5', '5', '5');

INSERT INTO `likes` (`user_id`, `music_id`) VALUES ('1', '1');
INSERT INTO `likes` (`user_id`, `music_id`) VALUES ('2', '2');
INSERT INTO `likes` (`user_id`, `music_id`) VALUES ('3', '3');
INSERT INTO `likes` (`user_id`, `music_id`) VALUES ('4', '4');
INSERT INTO `likes` (`user_id`, `music_id`) VALUES ('5', '5');
INSERT INTO `likes` (`user_id`, `music_id`) VALUES ('6', '6');
INSERT INTO `likes` (`user_id`, `music_id`) VALUES ('7', '7');
INSERT INTO `likes` (`user_id`, `music_id`) VALUES ('8', '8');
INSERT INTO `likes` (`user_id`, `music_id`) VALUES ('9', '9');
INSERT INTO `likes` (`user_id`, `music_id`) VALUES ('10', '10');
INSERT INTO `likes` (`user_id`, `music_id`) VALUES ('11', '11');
INSERT INTO `likes` (`user_id`, `music_id`) VALUES ('12', '12');
INSERT INTO `likes` (`user_id`, `music_id`) VALUES ('13', '13');
INSERT INTO `likes` (`user_id`, `music_id`) VALUES ('14', '14');
INSERT INTO `likes` (`user_id`, `music_id`) VALUES ('15', '15');
INSERT INTO `likes` (`user_id`, `music_id`) VALUES ('16', '16');
INSERT INTO `likes` (`user_id`, `music_id`) VALUES ('17', '17');
INSERT INTO `likes` (`user_id`, `music_id`) VALUES ('18', '18');
INSERT INTO `likes` (`user_id`, `music_id`) VALUES ('19', '19');
INSERT INTO `likes` (`user_id`, `music_id`) VALUES ('20', '20');
INSERT INTO `likes` (`user_id`, `music_id`) VALUES ('1', '10');
INSERT INTO `likes` (`user_id`, `music_id`) VALUES ('2', '11');
INSERT INTO `likes` (`user_id`, `music_id`) VALUES ('3', '12');
INSERT INTO `likes` (`user_id`, `music_id`) VALUES ('4', '13');
INSERT INTO `likes` (`user_id`, `music_id`) VALUES ('5', '14');
INSERT INTO `likes` (`user_id`, `music_id`) VALUES ('6', '15');
INSERT INTO `likes` (`user_id`, `music_id`) VALUES ('7', '16');
INSERT INTO `likes` (`user_id`, `music_id`) VALUES ('8', '17');
INSERT INTO `likes` (`user_id`, `music_id`) VALUES ('9', '18');
INSERT INTO `likes` (`user_id`, `music_id`) VALUES ('10', '19');