USE vk;

INSERT INTO `cities` (`id`, `name`) VALUES ('1', 'Dolor et rem.');
INSERT INTO `cities` (`id`, `name`) VALUES ('2', 'Repellendus reprehenderit.');
INSERT INTO `cities` (`id`, `name`) VALUES ('3', 'Velit omnis.');
INSERT INTO `cities` (`id`, `name`) VALUES ('4', 'Minima unde.');
INSERT INTO `cities` (`id`, `name`) VALUES ('5', 'Perspiciatis ut veniam.');
INSERT INTO `cities` (`id`, `name`) VALUES ('6', 'Ipsum voluptatum.');
INSERT INTO `cities` (`id`, `name`) VALUES ('7', 'Quibusdam beatae qui.');
INSERT INTO `cities` (`id`, `name`) VALUES ('8', 'Totam accusamus rem.');
INSERT INTO `cities` (`id`, `name`) VALUES ('9', 'Repellat nulla.');
INSERT INTO `cities` (`id`, `name`) VALUES ('10', 'Sit similique.');
INSERT INTO `cities` (`id`, `name`) VALUES ('11', 'Doloribus tenetur nobis.');
INSERT INTO `cities` (`id`, `name`) VALUES ('12', 'Praesentium ut.');
INSERT INTO `cities` (`id`, `name`) VALUES ('13', 'Consequatur esse eos.');
INSERT INTO `cities` (`id`, `name`) VALUES ('14', 'Magnam eum ipsum.');
INSERT INTO `cities` (`id`, `name`) VALUES ('15', 'Et id optio.');
INSERT INTO `cities` (`id`, `name`) VALUES ('16', 'Totam aut.');
INSERT INTO `cities` (`id`, `name`) VALUES ('17', 'Est culpa.');
INSERT INTO `cities` (`id`, `name`) VALUES ('18', 'Perferendis hic laboriosam.');
INSERT INTO `cities` (`id`, `name`) VALUES ('19', 'Distinctio assumenda quia.');
INSERT INTO `cities` (`id`, `name`) VALUES ('20', 'Repellendus voluptate amet.');
INSERT INTO `cities` (`id`, `name`) VALUES ('21', 'Doloribus quia.');
INSERT INTO `cities` (`id`, `name`) VALUES ('22', 'Magnam aut.');
INSERT INTO `cities` (`id`, `name`) VALUES ('23', 'Accusantium dignissimos ullam.');
INSERT INTO `cities` (`id`, `name`) VALUES ('24', 'Assumenda voluptates voluptatibus.');
INSERT INTO `cities` (`id`, `name`) VALUES ('25', 'Eos voluptatibus.');
INSERT INTO `cities` (`id`, `name`) VALUES ('26', 'Vel veniam.');
INSERT INTO `cities` (`id`, `name`) VALUES ('27', 'Quia sed.');
INSERT INTO `cities` (`id`, `name`) VALUES ('28', 'Ad aut.');
INSERT INTO `cities` (`id`, `name`) VALUES ('29', 'Quas in culpa.');
INSERT INTO `cities` (`id`, `name`) VALUES ('30', 'Necessitatibus aut earum.');
INSERT INTO `cities` (`id`, `name`) VALUES ('31', 'Autem similique.');
INSERT INTO `cities` (`id`, `name`) VALUES ('32', 'Quaerat voluptas quidem.');
INSERT INTO `cities` (`id`, `name`) VALUES ('33', 'Rem eveniet totam.');
INSERT INTO `cities` (`id`, `name`) VALUES ('34', 'Earum officia ut.');
INSERT INTO `cities` (`id`, `name`) VALUES ('35', 'Necessitatibus aliquam.');
INSERT INTO `cities` (`id`, `name`) VALUES ('36', 'Nesciunt excepturi in.');
INSERT INTO `cities` (`id`, `name`) VALUES ('37', 'Hic adipisci.');
INSERT INTO `cities` (`id`, `name`) VALUES ('38', 'Corporis totam sit.');
INSERT INTO `cities` (`id`, `name`) VALUES ('39', 'Qui doloremque modi.');
INSERT INTO `cities` (`id`, `name`) VALUES ('40', 'Sequi ad voluptas.');
INSERT INTO `cities` (`id`, `name`) VALUES ('41', 'Et ipsum.');
INSERT INTO `cities` (`id`, `name`) VALUES ('42', 'Rerum mollitia.');
INSERT INTO `cities` (`id`, `name`) VALUES ('43', 'Quasi perspiciatis sunt.');
INSERT INTO `cities` (`id`, `name`) VALUES ('44', 'Autem id.');
INSERT INTO `cities` (`id`, `name`) VALUES ('45', 'Dolores reprehenderit voluptatibus.');
INSERT INTO `cities` (`id`, `name`) VALUES ('46', 'Fugit aut.');
INSERT INTO `cities` (`id`, `name`) VALUES ('47', 'Impedit et ex.');
INSERT INTO `cities` (`id`, `name`) VALUES ('48', 'Nihil iure eum.');
INSERT INTO `cities` (`id`, `name`) VALUES ('49', 'Possimus laboriosam.');
INSERT INTO `cities` (`id`, `name`) VALUES ('50', 'Accusantium omnis qui.');



INSERT INTO `users` (`id`, `firstname`, `lastname`, `email`, `password_hash`, `phone`) VALUES ('51', 'Joseph', 'Wehner', 'jwalsh@example.org', '455a0aac8c7c43ff1a56cd9328a1b596e63637da', '0');
INSERT INTO `users` (`id`, `firstname`, `lastname`, `email`, `password_hash`, `phone`) VALUES ('52', 'Jett', 'Sawayn', 'fay.hanna@example.org', '9a8d6534a8b582d465e624f5b7f60b60df2d1436', '60');
INSERT INTO `users` (`id`, `firstname`, `lastname`, `email`, `password_hash`, `phone`) VALUES ('53', 'Arlo', 'Wolff', 'vladimir.zieme@example.org', 'c9db2591232a0db43249fbbba76c6da26977257c', '1');
INSERT INTO `users` (`id`, `firstname`, `lastname`, `email`, `password_hash`, `phone`) VALUES ('55', 'Nicholaus', 'Bosco', 'delfina.rutherford@example.com', 'c0d1bbe78c74b16a31bbbf3d7bd40f445bdfc8f0', '640208');
INSERT INTO `users` (`id`, `firstname`, `lastname`, `email`, `password_hash`, `phone`) VALUES ('56', 'Oscar', 'Durgan', 'kemmer.graciela@example.com', '79e4c9f344cc47ed55eb6e7d9f476b27592d3d72', '508506');
INSERT INTO `users` (`id`, `firstname`, `lastname`, `email`, `password_hash`, `phone`) VALUES ('58', 'Rebeca', 'Wiza', 'angus21@example.com', '7d61575bda14f489822b582dd85f607686c4ea48', '251817');
INSERT INTO `users` (`id`, `firstname`, `lastname`, `email`, `password_hash`, `phone`) VALUES ('59', 'Santino', 'Kihn', 'beer.owen@example.org', '78caa94721f28522240da3db2593cae49e912c25', '215233');
INSERT INTO `users` (`id`, `firstname`, `lastname`, `email`, `password_hash`, `phone`) VALUES ('60', 'Lemuel', 'Kautzer', 'ledner.woodrow@example.net', 'ddcb173be911dcc8642459ec6a7eff8d078190b0', '558');
INSERT INTO `users` (`id`, `firstname`, `lastname`, `email`, `password_hash`, `phone`) VALUES ('61', 'Garrison', 'Langosh', 'qabshire@example.org', 'f061fc8cc8240933bb5bb001e324d685fed5c583', '584268');
INSERT INTO `users` (`id`, `firstname`, `lastname`, `email`, `password_hash`, `phone`) VALUES ('62', 'Ima', 'Pagac', 'leannon.garnett@example.org', '05afb3b9ea63f426328a95ef22c3a30811343eb4', '363648');
INSERT INTO `users` (`id`, `firstname`, `lastname`, `email`, `password_hash`, `phone`) VALUES ('63', 'Ryan', 'Wolf', 'hbrown@example.net', '68a1147f52d3551fb00389cb63925056a97f8b81', '99');
INSERT INTO `users` (`id`, `firstname`, `lastname`, `email`, `password_hash`, `phone`) VALUES ('70', 'Rozella', 'Hackett', 'alana.borer@example.net', '0ebc2c744b4e1adc5551fd5d63fa7b39d85eaa92', '94');
INSERT INTO `users` (`id`, `firstname`, `lastname`, `email`, `password_hash`, `phone`) VALUES ('71', 'Jettie', 'Jakubowski', 'ufisher@example.com', '317d2915893354f067a98036d94c5c4a300119f9', '7908199445');
INSERT INTO `users` (`id`, `firstname`, `lastname`, `email`, `password_hash`, `phone`) VALUES ('74', 'Justyn', 'Romaguera', 'jennifer.prohaska@example.net', '2b50b71848e23dc7e751699dc99a82d3b30aa380', '112');
INSERT INTO `users` (`id`, `firstname`, `lastname`, `email`, `password_hash`, `phone`) VALUES ('75', 'Elna', 'Ratke', 'blabadie@example.net', '285c07f3e447f92c2bc056276cab6fe98fecac2e', '90');
INSERT INTO `users` (`id`, `firstname`, `lastname`, `email`, `password_hash`, `phone`) VALUES ('76', 'Jewel', 'Schmitt', 'ruthe35@example.net', 'b02accb13c2bba26c25c04134c1e36ff7ddfb50c', '7752085396');
INSERT INTO `users` (`id`, `firstname`, `lastname`, `email`, `password_hash`, `phone`) VALUES ('78', 'Jasen', 'Dach', 'creilly@example.org', '396d3e88b73e55f271deb76d1507fd92643ac642', '669157805');
INSERT INTO `users` (`id`, `firstname`, `lastname`, `email`, `password_hash`, `phone`) VALUES ('79', 'Pierre', 'Casper', 'thalia23@example.org', 'dbf20049f4420690374afdd9c396f79b03bcdb11', '8227014047');
INSERT INTO `users` (`id`, `firstname`, `lastname`, `email`, `password_hash`, `phone`) VALUES ('80', 'Otilia', 'Aufderhar', 'talia36@example.org', 'dd4f3e62e8aec35d7760ccb625e10c07f1cc58d3', '251');
INSERT INTO `users` (`id`, `firstname`, `lastname`, `email`, `password_hash`, `phone`) VALUES ('81', 'Verda', 'Funk', 'jaunita95@example.net', '5d90e7e935cd4a47cf3fff8c630bac0231aba809', '1527423483');
INSERT INTO `users` (`id`, `firstname`, `lastname`, `email`, `password_hash`, `phone`) VALUES ('82', 'Thalia', 'Hoppe', 'glabadie@example.com', 'a7d511973e037636dce6778b5000cc35c1fdf808', '5178755588');
INSERT INTO `users` (`id`, `firstname`, `lastname`, `email`, `password_hash`, `phone`) VALUES ('83', 'Neil', 'Weimann', 'jwelch@example.com', '33797f20a8d7f89da5633c38246cd74170151aca', '24');
INSERT INTO `users` (`id`, `firstname`, `lastname`, `email`, `password_hash`, `phone`) VALUES ('84', 'Ansel', 'Franecki', 'trisha22@example.net', 'b2f03e25b17e2e2d868d12bb17ec18b9911b4935', '184319');
INSERT INTO `users` (`id`, `firstname`, `lastname`, `email`, `password_hash`, `phone`) VALUES ('85', 'Chester', 'Breitenberg', 'pkuhlman@example.com', '68034a67cd0c719b21343413f913223724367d41', '5232989973');
INSERT INTO `users` (`id`, `firstname`, `lastname`, `email`, `password_hash`, `phone`) VALUES ('87', 'Bobby', 'Schowalter', 'brekke.leann@example.net', '6e52d50c39c21f340c13bd4f96481bb5916026ff', '76');
INSERT INTO `users` (`id`, `firstname`, `lastname`, `email`, `password_hash`, `phone`) VALUES ('88', 'Chesley', 'Swaniawski', 'considine.darren@example.org', '7eeba958c90e3e19b2ff3c6fb2e2d9fe3ac9e44c', '904887');
INSERT INTO `users` (`id`, `firstname`, `lastname`, `email`, `password_hash`, `phone`) VALUES ('89', 'Madison', 'Cruickshank', 'eleanore55@example.net', 'e994e93a604b4983c29edf2eeba249c66f297f9c', '639');
INSERT INTO `users` (`id`, `firstname`, `lastname`, `email`, `password_hash`, `phone`) VALUES ('90', 'Gunnar', 'Lakin', 'valentine.keebler@example.org', '78559ccc0721499e3b1966de72049c8a2c2438e9', '984325');
INSERT INTO `users` (`id`, `firstname`, `lastname`, `email`, `password_hash`, `phone`) VALUES ('91', 'Nora', 'Veum', 'berenice.breitenberg@example.net', '315e08ace6952566ca56d526e7469e180014719e', '817353');
INSERT INTO `users` (`id`, `firstname`, `lastname`, `email`, `password_hash`, `phone`) VALUES ('92', 'Marc', 'Bechtelar', 'dferry@example.org', '618e166e1dfb1797457bc2bcfe3d16febd6906ed', '184611');
INSERT INTO `users` (`id`, `firstname`, `lastname`, `email`, `password_hash`, `phone`) VALUES ('94', 'Laury', 'Herzog', 'jarred.greenholt@example.org', '3cd800632a05dc4714de482059018abb332b745f', '994');
INSERT INTO `users` (`id`, `firstname`, `lastname`, `email`, `password_hash`, `phone`) VALUES ('95', 'Terence', 'Homenick', 'richmond.wunsch@example.org', '6a27812c8e847abccc5efdb23d92bf32e66d0f61', '92');
INSERT INTO `users` (`id`, `firstname`, `lastname`, `email`, `password_hash`, `phone`) VALUES ('96', 'Valentina', 'Glover', 'obie92@example.org', 'f67cac9b20a08283a8fc521a0b6f56040e3d3b6e', '579058');
INSERT INTO `users` (`id`, `firstname`, `lastname`, `email`, `password_hash`, `phone`) VALUES ('98', 'Walton', 'Parker', 'janie.beer@example.com', 'ea8595156caff173d1bbd11bdd0c04a5304e6020', '899');
INSERT INTO `users` (`id`, `firstname`, `lastname`, `email`, `password_hash`, `phone`) VALUES ('99', 'Carolyne', 'Swaniawski', 'willms.devonte@example.org', '2c3cbdd95033d641802fa7489115b359bfa56514', '556886');
INSERT INTO `users` (`id`, `firstname`, `lastname`, `email`, `password_hash`, `phone`) VALUES ('100', 'Erna', 'Maggio', 'ugerhold@example.net', 'ae1f563c4199846b9435d27d9792501e6a0087d3', '683');



INSERT INTO `media_types` (`id`, `name`, `created_at`, `updated_at`) VALUES ('1', 'photo', '2015-11-21 07:09:54', '2002-03-19 03:10:31');
INSERT INTO `media_types` (`id`, `name`, `created_at`, `updated_at`) VALUES ('2', 'video', '1986-09-23 15:00:55', '1998-05-03 00:05:39');
INSERT INTO `media_types` (`id`, `name`, `created_at`, `updated_at`) VALUES ('3', 'audio', '2005-10-06 02:25:19', '1994-07-11 17:33:00');
INSERT INTO `media_types` (`id`, `name`, `created_at`, `updated_at`) VALUES ('4', 'post', '2005-05-04 03:51:09', '2003-05-10 11:25:23');



INSERT INTO `media` (`id`, `media_type_id`, `user_id`, `body`, `filename`, `file_size`, `metadata`, `created_at`, `updated_at`) VALUES ('1', '1', '51', 'Ut ipsa dolorem ipsum nemo nulla et ut quia. Quam quod laborum molestiae reprehenderit soluta. Rem cupiditate atque aut. Beatae assumenda facere dignissimos voluptates autem reiciendis.', 'et', 20799502, NULL, '2002-12-12 05:02:42', '1997-10-15 05:25:12');
INSERT INTO `media` (`id`, `media_type_id`, `user_id`, `body`, `filename`, `file_size`, `metadata`, `created_at`, `updated_at`) VALUES ('2', '2', '52', 'Asperiores facere sit temporibus fuga. Aliquam sunt fugiat modi ea vel eos dolorem.', 'dolor', 25, NULL, '1970-10-23 08:12:40', '1973-12-12 00:50:26');
INSERT INTO `media` (`id`, `media_type_id`, `user_id`, `body`, `filename`, `file_size`, `metadata`, `created_at`, `updated_at`) VALUES ('3', '3', '53', 'Est quibusdam corporis voluptatem unde. Repellat architecto atque earum ut nisi neque.', 'aut', 87, NULL, '1987-05-18 02:46:04', '2006-02-28 05:40:08');
INSERT INTO `media` (`id`, `media_type_id`, `user_id`, `body`, `filename`, `file_size`, `metadata`, `created_at`, `updated_at`) VALUES ('4', '4', '55', 'Accusantium quia eum ea nihil officiis qui. Quae sunt in aut est voluptas reprehenderit voluptatem. Aut culpa enim cum facere. Voluptatem vel beatae tenetur recusandae accusantium labore.', 'numquam', 8, NULL, '1980-07-20 13:21:40', '2015-05-24 10:49:54');
INSERT INTO `media` (`id`, `media_type_id`, `user_id`, `body`, `filename`, `file_size`, `metadata`, `created_at`, `updated_at`) VALUES ('5', '1', '56', 'Saepe nihil voluptas officiis quo explicabo. Hic itaque numquam cupiditate nihil.', 'quia', 692696689, NULL, '2008-02-08 13:14:36', '1993-08-01 02:39:36');
INSERT INTO `media` (`id`, `media_type_id`, `user_id`, `body`, `filename`, `file_size`, `metadata`, `created_at`, `updated_at`) VALUES ('6', '2', '58', 'Unde excepturi ab quia incidunt vitae minus velit. Quos cupiditate reprehenderit quis. Eius non exercitationem et esse dolore adipisci quod.', 'mollitia', 179589, NULL, '1999-02-01 12:23:40', '2000-11-20 06:11:37');
INSERT INTO `media` (`id`, `media_type_id`, `user_id`, `body`, `filename`, `file_size`, `metadata`, `created_at`, `updated_at`) VALUES ('7', '3', '59', 'Nam ipsum dolor pariatur suscipit nostrum. Quo voluptatem sit mollitia veniam itaque amet nostrum. Maiores est facilis delectus autem laboriosam.', 'assumenda', 0, NULL, '2019-12-17 21:43:47', '1977-10-22 21:00:39');
INSERT INTO `media` (`id`, `media_type_id`, `user_id`, `body`, `filename`, `file_size`, `metadata`, `created_at`, `updated_at`) VALUES ('8', '4', '60', 'Culpa optio dignissimos recusandae consequuntur. Animi quas accusantium nihil fugiat aliquam architecto omnis. Animi fugit omnis amet nihil numquam impedit velit.', 'doloremque', 0, NULL, '1977-09-22 07:28:55', '1977-04-17 00:29:01');
INSERT INTO `media` (`id`, `media_type_id`, `user_id`, `body`, `filename`, `file_size`, `metadata`, `created_at`, `updated_at`) VALUES ('9', '1', '61', 'Ipsam non nemo ea sunt. Et deleniti veniam accusamus quasi voluptates. Magnam voluptatem quia voluptas minima molestiae sunt est est.', 'laborum', 7, NULL, '1993-02-14 01:13:47', '2013-10-08 11:32:56');
INSERT INTO `media` (`id`, `media_type_id`, `user_id`, `body`, `filename`, `file_size`, `metadata`, `created_at`, `updated_at`) VALUES ('10', '2', '62', 'Illum voluptas ut et pariatur quo. Tempore sit aperiam quidem officia et ut necessitatibus aspernatur. Omnis omnis nemo est sit quisquam. Accusantium fugit harum animi dolorum.', 'voluptas', 0, NULL, '2003-01-03 03:07:22', '1975-01-13 02:50:32');
INSERT INTO `media` (`id`, `media_type_id`, `user_id`, `body`, `filename`, `file_size`, `metadata`, `created_at`, `updated_at`) VALUES ('11', '3', '63', 'Voluptatibus id neque et sed nostrum. Vel voluptatem maxime dignissimos sint quas fuga voluptate. Est omnis et quaerat. Totam sint rerum pariatur et voluptate officiis laboriosam quisquam.', 'odio', 677, NULL, '2017-03-13 21:53:46', '1978-01-15 02:20:26');
INSERT INTO `media` (`id`, `media_type_id`, `user_id`, `body`, `filename`, `file_size`, `metadata`, `created_at`, `updated_at`) VALUES ('12', '4', '70', 'Molestiae reprehenderit aut optio dolore. Minima eum voluptatem ea libero. Incidunt sint aperiam iure tenetur. Eum illum reiciendis totam ut qui et labore.', 'nemo', 0, NULL, '2020-03-26 07:48:22', '2004-06-21 05:15:25');
INSERT INTO `media` (`id`, `media_type_id`, `user_id`, `body`, `filename`, `file_size`, `metadata`, `created_at`, `updated_at`) VALUES ('13', '1', '71', 'Harum optio inventore iure. Qui sapiente architecto quo totam. Totam consectetur adipisci aut vel.', 'dolor', 7, NULL, '2019-09-23 05:20:26', '2009-08-04 08:26:27');
INSERT INTO `media` (`id`, `media_type_id`, `user_id`, `body`, `filename`, `file_size`, `metadata`, `created_at`, `updated_at`) VALUES ('14', '2', '74', 'Accusantium sint velit ut deserunt delectus. Et fugiat eligendi omnis dolorum voluptatem. Sapiente velit dolores neque aspernatur nostrum qui facere fugit.', 'dolorem', 7056298, NULL, '1981-03-07 09:44:38', '2013-06-01 15:57:36');
INSERT INTO `media` (`id`, `media_type_id`, `user_id`, `body`, `filename`, `file_size`, `metadata`, `created_at`, `updated_at`) VALUES ('15', '3', '75', 'Et in asperiores odit accusamus laudantium vero quo. Nulla et ut et magni. Labore quasi molestiae iusto dignissimos inventore eligendi temporibus ea. Aut provident temporibus mollitia voluptatem illum repudiandae. Harum aut perspiciatis cumque aspernatur amet rerum maxime.', 'tenetur', 14, NULL, '1983-04-30 00:38:31', '1992-03-10 04:24:15');
INSERT INTO `media` (`id`, `media_type_id`, `user_id`, `body`, `filename`, `file_size`, `metadata`, `created_at`, `updated_at`) VALUES ('16', '4', '76', 'Earum consequatur dolorem distinctio consequuntur voluptatem ad omnis. Corporis amet adipisci delectus. Provident ipsa incidunt numquam. Totam est voluptatem repellendus id laborum qui rem.', 'quo', 74680356, NULL, '1976-07-01 06:12:04', '1974-02-17 12:34:52');
INSERT INTO `media` (`id`, `media_type_id`, `user_id`, `body`, `filename`, `file_size`, `metadata`, `created_at`, `updated_at`) VALUES ('17', '1', '78', 'Dicta porro placeat accusantium. Corrupti aut rerum sed dolorem velit. Sint perferendis et eos quod repellat sapiente nemo voluptate.', 'officiis', 904576, NULL, '1988-09-01 00:15:17', '1990-07-16 09:21:11');
INSERT INTO `media` (`id`, `media_type_id`, `user_id`, `body`, `filename`, `file_size`, `metadata`, `created_at`, `updated_at`) VALUES ('18', '2', '79', 'Voluptatem molestias nobis quia eos molestias eum officia autem. Qui unde voluptatem illum. Tempore velit ipsam labore ea quia.', 'perferendis', 2333758, NULL, '2004-05-12 08:07:19', '1985-11-27 10:41:11');
INSERT INTO `media` (`id`, `media_type_id`, `user_id`, `body`, `filename`, `file_size`, `metadata`, `created_at`, `updated_at`) VALUES ('19', '3', '80', 'Et illo aliquam omnis. Qui accusamus alias dicta hic. Consequatur ducimus molestiae quia aut maxime quia quisquam.', 'molestias', 0, NULL, '1998-11-17 06:53:52', '1993-01-04 09:46:43');
INSERT INTO `media` (`id`, `media_type_id`, `user_id`, `body`, `filename`, `file_size`, `metadata`, `created_at`, `updated_at`) VALUES ('20', '4', '81', 'Eveniet laborum nemo quo voluptatem sit incidunt et. Quae at delectus accusamus dolores.', 'et', 9077, NULL, '2016-08-26 17:46:58', '2016-12-18 19:12:48');
INSERT INTO `media` (`id`, `media_type_id`, `user_id`, `body`, `filename`, `file_size`, `metadata`, `created_at`, `updated_at`) VALUES ('21', '1', '82', 'Qui deserunt ut qui est voluptatibus ad. Enim nulla eaque veniam consectetur atque.', 'veniam', 5153, NULL, '1981-02-07 22:48:17', '1997-12-15 09:15:43');
INSERT INTO `media` (`id`, `media_type_id`, `user_id`, `body`, `filename`, `file_size`, `metadata`, `created_at`, `updated_at`) VALUES ('22', '2', '83', 'Ducimus sed rem laboriosam odio quia qui. Incidunt omnis nobis doloribus quia. Dolorem cum occaecati accusantium non inventore rerum officia eum. Temporibus aut et ea atque praesentium. Fugit quisquam ut eum dicta voluptatum.', 'consequatur', 13, NULL, '2004-01-11 00:42:13', '1976-05-17 13:14:24');
INSERT INTO `media` (`id`, `media_type_id`, `user_id`, `body`, `filename`, `file_size`, `metadata`, `created_at`, `updated_at`) VALUES ('23', '3', '84', 'Sit ea praesentium iste. Eos impedit qui velit reprehenderit. Similique quo et vel. Sequi quia deserunt recusandae qui. Nam totam corporis illo accusamus cumque asperiores.', 'nam', 48, NULL, '2018-07-12 22:55:27', '2016-05-11 00:17:14');
INSERT INTO `media` (`id`, `media_type_id`, `user_id`, `body`, `filename`, `file_size`, `metadata`, `created_at`, `updated_at`) VALUES ('24', '4', '85', 'Impedit odio sint deleniti modi hic ex. Occaecati a mollitia deserunt quae occaecati architecto incidunt. Rem eum qui et ut.', 'vel', 96516324, NULL, '1990-11-21 14:06:58', '1986-01-18 01:59:36');
INSERT INTO `media` (`id`, `media_type_id`, `user_id`, `body`, `filename`, `file_size`, `metadata`, `created_at`, `updated_at`) VALUES ('25', '1', '87', 'Placeat autem aperiam aut dolore. Praesentium provident quia ut dicta tempore quis. Voluptate occaecati deserunt quia dolore. Doloremque aut libero magni consequuntur sed officiis cumque laborum. Tenetur omnis sed eligendi excepturi voluptatum sit cupiditate.', 'dolorem', 0, NULL, '1982-01-22 20:33:19', '1981-10-03 10:32:04');
INSERT INTO `media` (`id`, `media_type_id`, `user_id`, `body`, `filename`, `file_size`, `metadata`, `created_at`, `updated_at`) VALUES ('26', '2', '88', 'Iusto et corrupti qui. Blanditiis impedit omnis vitae non. Non impedit esse doloremque aut et possimus eligendi. Maiores expedita quos nulla atque reprehenderit et molestiae et. Ex tempora impedit odio facilis amet similique et aperiam.', 'et', 34307, NULL, '1983-02-16 04:56:00', '1973-03-04 20:21:06');
INSERT INTO `media` (`id`, `media_type_id`, `user_id`, `body`, `filename`, `file_size`, `metadata`, `created_at`, `updated_at`) VALUES ('27', '3', '89', 'Qui eos sit quo animi veritatis. Excepturi voluptas fugit impedit officia occaecati. Provident vero in earum labore. Ducimus culpa magnam et consectetur voluptas aut illum.', 'iusto', 235432, NULL, '1973-06-29 11:40:24', '2006-02-16 11:56:23');
INSERT INTO `media` (`id`, `media_type_id`, `user_id`, `body`, `filename`, `file_size`, `metadata`, `created_at`, `updated_at`) VALUES ('28', '4', '90', 'Et dolor nesciunt est quas libero et ut. Tempora sunt recusandae et nesciunt hic officiis. Ea dolores fugit ratione sint harum.', 'aut', 26, NULL, '1990-09-21 10:15:12', '1972-10-21 14:14:37');
INSERT INTO `media` (`id`, `media_type_id`, `user_id`, `body`, `filename`, `file_size`, `metadata`, `created_at`, `updated_at`) VALUES ('29', '1', '91', 'Sint aut id totam ea ut ut reprehenderit. Aut consequatur voluptates id assumenda impedit corporis eaque consequatur. Quos asperiores atque veritatis commodi qui necessitatibus.', 'quod', 721586, NULL, '1979-05-24 11:36:31', '2004-01-17 19:34:50');
INSERT INTO `media` (`id`, `media_type_id`, `user_id`, `body`, `filename`, `file_size`, `metadata`, `created_at`, `updated_at`) VALUES ('30', '2', '92', 'Qui quisquam natus maiores perspiciatis. Distinctio incidunt possimus deleniti qui aliquam. Nulla voluptatum dolor aliquam corporis.', 'commodi', 48499596, NULL, '2000-06-17 00:32:23', '2001-05-03 23:42:27');
INSERT INTO `media` (`id`, `media_type_id`, `user_id`, `body`, `filename`, `file_size`, `metadata`, `created_at`, `updated_at`) VALUES ('31', '3', '94', 'Reiciendis voluptas atque et a qui et. Delectus voluptatibus doloremque magnam facere nam. Aliquam et eveniet quasi praesentium quibusdam sint aspernatur a.', 'eveniet', 34735, NULL, '1991-02-02 05:02:00', '1989-08-13 03:43:28');
INSERT INTO `media` (`id`, `media_type_id`, `user_id`, `body`, `filename`, `file_size`, `metadata`, `created_at`, `updated_at`) VALUES ('32', '4', '95', 'Et sit nihil et illo recusandae beatae. Aut velit nostrum est autem possimus in assumenda. Saepe doloremque necessitatibus hic sunt.', 'officia', 22432326, NULL, '1979-10-17 17:37:56', '1974-11-24 19:16:46');
INSERT INTO `media` (`id`, `media_type_id`, `user_id`, `body`, `filename`, `file_size`, `metadata`, `created_at`, `updated_at`) VALUES ('33', '1', '96', 'Minus officiis commodi nulla id ut quaerat ad porro. Sit temporibus eos sunt nam vero ad dolores velit. Sit sapiente aspernatur iure.', 'molestias', 5, NULL, '1979-07-25 19:56:49', '1992-03-25 05:30:20');
INSERT INTO `media` (`id`, `media_type_id`, `user_id`, `body`, `filename`, `file_size`, `metadata`, `created_at`, `updated_at`) VALUES ('34', '2', '98', 'Vel provident enim ut quod sequi culpa sed. Quod nulla sunt sed fugit eius veniam beatae. Quaerat quia vel amet ab.', 'sunt', 920748, NULL, '1979-09-29 20:16:55', '2000-01-09 07:14:54');
INSERT INTO `media` (`id`, `media_type_id`, `user_id`, `body`, `filename`, `file_size`, `metadata`, `created_at`, `updated_at`) VALUES ('35', '3', '99', 'Nam hic consequatur sit neque doloremque in. Rerum omnis eius expedita et quos enim. Occaecati ea aut recusandae possimus maxime at autem. Rerum placeat nisi provident laudantium quas.', 'eum', 6344, NULL, '1980-01-21 06:38:03', '1978-03-26 22:26:55');
INSERT INTO `media` (`id`, `media_type_id`, `user_id`, `body`, `filename`, `file_size`, `metadata`, `created_at`, `updated_at`) VALUES ('36', '4', '100', 'Rerum molestiae illo facere corporis. Alias temporibus dolorem ullam maxime. Eum sed id ullam. Fugiat qui et aut consequatur.', 'velit', 587989217, NULL, '1986-08-27 06:46:40', '1994-07-27 00:40:00');
INSERT INTO `media` (`id`, `media_type_id`, `user_id`, `body`, `filename`, `file_size`, `metadata`, `created_at`, `updated_at`) VALUES ('37', '1', '51', 'Qui explicabo sed nemo nesciunt. Qui nemo et a et numquam. Qui cumque voluptas sint in.', 'eos', 9021, NULL, '1997-10-14 08:40:53', '2015-01-30 03:47:34');
INSERT INTO `media` (`id`, `media_type_id`, `user_id`, `body`, `filename`, `file_size`, `metadata`, `created_at`, `updated_at`) VALUES ('38', '2', '52', 'Voluptates enim ut voluptatum unde et. Sit commodi nobis quasi dolor. Aut eos sed dolorum aut quo hic reprehenderit.', 'qui', 436368, NULL, '1978-10-02 00:22:17', '1992-01-06 04:23:07');
INSERT INTO `media` (`id`, `media_type_id`, `user_id`, `body`, `filename`, `file_size`, `metadata`, `created_at`, `updated_at`) VALUES ('39', '3', '53', 'Praesentium accusamus sapiente temporibus qui quia id. Et placeat reiciendis ut odit ab magnam.', 'ratione', 0, NULL, '2003-03-24 15:30:53', '2016-09-22 08:32:15');
INSERT INTO `media` (`id`, `media_type_id`, `user_id`, `body`, `filename`, `file_size`, `metadata`, `created_at`, `updated_at`) VALUES ('40', '4', '55', 'Molestiae magnam ut qui adipisci. Et doloremque voluptas commodi animi sit. Ea facere autem sequi ipsa veritatis iusto nam culpa.', 'et', 30504, NULL, '2002-01-27 11:38:35', '2016-12-15 18:02:45');
INSERT INTO `media` (`id`, `media_type_id`, `user_id`, `body`, `filename`, `file_size`, `metadata`, `created_at`, `updated_at`) VALUES ('41', '1', '56', 'Explicabo minus dolorum illo voluptatum. Officia qui aut maxime distinctio sed incidunt. Eos molestiae dolorem eius.', 'doloribus', 618173672, NULL, '1993-01-28 06:14:39', '2018-06-09 08:28:11');
INSERT INTO `media` (`id`, `media_type_id`, `user_id`, `body`, `filename`, `file_size`, `metadata`, `created_at`, `updated_at`) VALUES ('42', '2', '58', 'Veniam dolor earum et quos sit aliquid explicabo. Voluptatem blanditiis sit ad et quia voluptatem ipsum. Qui incidunt minima odio nostrum fugit.', 'omnis', 0, NULL, '1974-01-14 11:06:07', '1996-04-24 05:22:36');
INSERT INTO `media` (`id`, `media_type_id`, `user_id`, `body`, `filename`, `file_size`, `metadata`, `created_at`, `updated_at`) VALUES ('43', '3', '59', 'Harum nam et quidem et voluptatem. Possimus id quisquam cupiditate eum. Ut nostrum et dolores a consequatur deleniti beatae.', 'quam', 624, NULL, '1999-08-13 06:12:32', '1979-10-26 18:20:06');
INSERT INTO `media` (`id`, `media_type_id`, `user_id`, `body`, `filename`, `file_size`, `metadata`, `created_at`, `updated_at`) VALUES ('44', '4', '60', 'Eos assumenda quaerat corporis sed enim ex. Et pariatur et numquam voluptatibus aut similique dolorem in. Et nostrum quam quo et. Eos quibusdam nostrum cupiditate odit impedit.', 'rem', 638937, NULL, '2017-10-23 01:12:21', '2005-11-16 08:35:21');
INSERT INTO `media` (`id`, `media_type_id`, `user_id`, `body`, `filename`, `file_size`, `metadata`, `created_at`, `updated_at`) VALUES ('45', '1', '61', 'Aperiam debitis consequatur excepturi possimus labore perferendis nihil. Aspernatur omnis id vel nihil. Ipsum est aut dolores cum aut dolorem aut ipsam. Hic totam amet magnam.', 'cupiditate', 737764, NULL, '1993-03-30 17:59:33', '1985-05-25 04:20:11');
INSERT INTO `media` (`id`, `media_type_id`, `user_id`, `body`, `filename`, `file_size`, `metadata`, `created_at`, `updated_at`) VALUES ('46', '2', '62', 'Sed quibusdam non id quae dolorem adipisci aut. Suscipit ut omnis velit. Quia in sunt eveniet est repellendus. Porro nobis eum porro aliquid.', 'quaerat', 9216, NULL, '2011-06-15 11:24:36', '2011-04-02 10:13:37');
INSERT INTO `media` (`id`, `media_type_id`, `user_id`, `body`, `filename`, `file_size`, `metadata`, `created_at`, `updated_at`) VALUES ('47', '3', '63', 'Molestiae totam inventore non ut. Aut voluptas placeat occaecati cumque excepturi nobis nemo maiores. Corporis voluptas debitis et. Minima laborum repudiandae aut nulla qui praesentium ad reiciendis. Cupiditate rerum velit cum.', 'ab', 0, NULL, '1992-06-01 11:49:51', '2007-08-24 18:59:10');
INSERT INTO `media` (`id`, `media_type_id`, `user_id`, `body`, `filename`, `file_size`, `metadata`, `created_at`, `updated_at`) VALUES ('48', '4', '70', 'Maxime blanditiis deserunt veniam et hic distinctio. Itaque nisi sed delectus praesentium fuga sint unde. Aut eaque voluptas quae. Vel non vel deserunt impedit ducimus.', 'dolores', 80097, NULL, '1986-04-13 17:03:04', '1997-03-26 19:34:10');
INSERT INTO `media` (`id`, `media_type_id`, `user_id`, `body`, `filename`, `file_size`, `metadata`, `created_at`, `updated_at`) VALUES ('49', '1', '71', 'Doloribus suscipit est earum vel velit necessitatibus quia. Et cupiditate optio tenetur minus non sed expedita nam. Occaecati id amet aut dolorem sit.', 'ut', 461, NULL, '2001-01-31 23:58:25', '1970-04-10 01:36:57');
INSERT INTO `media` (`id`, `media_type_id`, `user_id`, `body`, `filename`, `file_size`, `metadata`, `created_at`, `updated_at`) VALUES ('50', '2', '74', 'Accusamus quam quia praesentium maxime blanditiis. Nesciunt reiciendis quia qui est saepe illo amet. Aliquid aut esse ut sit est ratione at saepe. Voluptatem modi aut unde. Aliquid eum nihil facere officiis nihil omnis et.', 'molestiae', 41137, NULL, '2018-01-10 13:14:23', '1983-11-30 00:41:32');



INSERT INTO `communities` (`id`, `name`, `admin_user_id`) VALUES ('1', 'quos', '51');
INSERT INTO `communities` (`id`, `name`, `admin_user_id`) VALUES ('2', 'voluptatem', '52');
INSERT INTO `communities` (`id`, `name`, `admin_user_id`) VALUES ('3', 'et', '53');
INSERT INTO `communities` (`id`, `name`, `admin_user_id`) VALUES ('4', 'iste', '55');
INSERT INTO `communities` (`id`, `name`, `admin_user_id`) VALUES ('5', 'fuga', '56');
INSERT INTO `communities` (`id`, `name`, `admin_user_id`) VALUES ('6', 'voluptatem', '58');
INSERT INTO `communities` (`id`, `name`, `admin_user_id`) VALUES ('7', 'occaecati', '59');
INSERT INTO `communities` (`id`, `name`, `admin_user_id`) VALUES ('8', 'similique', '60');
INSERT INTO `communities` (`id`, `name`, `admin_user_id`) VALUES ('9', 'et', '61');
INSERT INTO `communities` (`id`, `name`, `admin_user_id`) VALUES ('10', 'dolor', '62');
INSERT INTO `communities` (`id`, `name`, `admin_user_id`) VALUES ('11', 'velit', '63');
INSERT INTO `communities` (`id`, `name`, `admin_user_id`) VALUES ('12', 'non', '70');
INSERT INTO `communities` (`id`, `name`, `admin_user_id`) VALUES ('13', 'dolorem', '71');
INSERT INTO `communities` (`id`, `name`, `admin_user_id`) VALUES ('14', 'ut', '74');
INSERT INTO `communities` (`id`, `name`, `admin_user_id`) VALUES ('15', 'vitae', '75');
INSERT INTO `communities` (`id`, `name`, `admin_user_id`) VALUES ('16', 'nulla', '76');
INSERT INTO `communities` (`id`, `name`, `admin_user_id`) VALUES ('17', 'at', '78');
INSERT INTO `communities` (`id`, `name`, `admin_user_id`) VALUES ('18', 'quo', '79');
INSERT INTO `communities` (`id`, `name`, `admin_user_id`) VALUES ('19', 'repudiandae', '80');
INSERT INTO `communities` (`id`, `name`, `admin_user_id`) VALUES ('20', 'suscipit', '81');
INSERT INTO `communities` (`id`, `name`, `admin_user_id`) VALUES ('21', 'et', '82');
INSERT INTO `communities` (`id`, `name`, `admin_user_id`) VALUES ('22', 'sapiente', '83');
INSERT INTO `communities` (`id`, `name`, `admin_user_id`) VALUES ('23', 'optio', '84');
INSERT INTO `communities` (`id`, `name`, `admin_user_id`) VALUES ('24', 'ipsa', '85');
INSERT INTO `communities` (`id`, `name`, `admin_user_id`) VALUES ('25', 'dignissimos', '87');
INSERT INTO `communities` (`id`, `name`, `admin_user_id`) VALUES ('26', 'velit', '88');
INSERT INTO `communities` (`id`, `name`, `admin_user_id`) VALUES ('27', 'est', '89');
INSERT INTO `communities` (`id`, `name`, `admin_user_id`) VALUES ('28', 'tempora', '90');
INSERT INTO `communities` (`id`, `name`, `admin_user_id`) VALUES ('29', 'explicabo', '91');
INSERT INTO `communities` (`id`, `name`, `admin_user_id`) VALUES ('30', 'quod', '92');
INSERT INTO `communities` (`id`, `name`, `admin_user_id`) VALUES ('31', 'voluptatum', '94');
INSERT INTO `communities` (`id`, `name`, `admin_user_id`) VALUES ('32', 'praesentium', '95');
INSERT INTO `communities` (`id`, `name`, `admin_user_id`) VALUES ('33', 'eveniet', '96');
INSERT INTO `communities` (`id`, `name`, `admin_user_id`) VALUES ('34', 'quam', '98');
INSERT INTO `communities` (`id`, `name`, `admin_user_id`) VALUES ('35', 'accusamus', '99');
INSERT INTO `communities` (`id`, `name`, `admin_user_id`) VALUES ('36', 'dignissimos', '100');
INSERT INTO `communities` (`id`, `name`, `admin_user_id`) VALUES ('37', 'rerum', '51');
INSERT INTO `communities` (`id`, `name`, `admin_user_id`) VALUES ('38', 'aut', '52');
INSERT INTO `communities` (`id`, `name`, `admin_user_id`) VALUES ('39', 'vitae', '53');
INSERT INTO `communities` (`id`, `name`, `admin_user_id`) VALUES ('40', 'iusto', '55');
INSERT INTO `communities` (`id`, `name`, `admin_user_id`) VALUES ('41', 'minima', '56');
INSERT INTO `communities` (`id`, `name`, `admin_user_id`) VALUES ('42', 'est', '58');
INSERT INTO `communities` (`id`, `name`, `admin_user_id`) VALUES ('43', 'cupiditate', '59');
INSERT INTO `communities` (`id`, `name`, `admin_user_id`) VALUES ('44', 'non', '60');
INSERT INTO `communities` (`id`, `name`, `admin_user_id`) VALUES ('45', 'aspernatur', '61');
INSERT INTO `communities` (`id`, `name`, `admin_user_id`) VALUES ('46', 'voluptatem', '62');
INSERT INTO `communities` (`id`, `name`, `admin_user_id`) VALUES ('47', 'ipsam', '63');
INSERT INTO `communities` (`id`, `name`, `admin_user_id`) VALUES ('48', 'laudantium', '70');
INSERT INTO `communities` (`id`, `name`, `admin_user_id`) VALUES ('49', 'aspernatur', '71');
INSERT INTO `communities` (`id`, `name`, `admin_user_id`) VALUES ('50', 'provident', '74');






INSERT INTO `game_types` (`id`, `game_type`) VALUES ('1', ' platformer');
INSERT INTO `game_types` (`id`, `game_type`) VALUES ('2', ' arcade');
INSERT INTO `game_types` (`id`, `game_type`) VALUES ('3', ' shooter');
INSERT INTO `game_types` (`id`, `game_type`) VALUES ('4', 'adventure');



INSERT INTO `games` (`id`, `game_type_id`, `author_user_id`, `name`, `created_at`, `udated_at`) VALUES ('1', '1', '51', 'voluptas', '1986-11-30 12:37:39', '1998-10-12 22:53:33');
INSERT INTO `games` (`id`, `game_type_id`, `author_user_id`, `name`, `created_at`, `udated_at`) VALUES ('2', '2', '52', 'ea', '1991-10-24 09:01:09', '1986-03-02 21:01:20');
INSERT INTO `games` (`id`, `game_type_id`, `author_user_id`, `name`, `created_at`, `udated_at`) VALUES ('3', '3', '53', 'minus', '2006-02-23 13:10:08', '1991-10-10 09:53:46');
INSERT INTO `games` (`id`, `game_type_id`, `author_user_id`, `name`, `created_at`, `udated_at`) VALUES ('4', '4', '55', 'et', '1977-03-28 13:33:42', '1973-05-02 06:26:58');
INSERT INTO `games` (`id`, `game_type_id`, `author_user_id`, `name`, `created_at`, `udated_at`) VALUES ('5', '1', '56', 'repellendus', '1990-04-29 19:48:59', '2003-03-28 18:02:02');
INSERT INTO `games` (`id`, `game_type_id`, `author_user_id`, `name`, `created_at`, `udated_at`) VALUES ('6', '2', '58', 'sed', '2017-08-18 15:31:23', '1977-10-12 07:27:35');
INSERT INTO `games` (`id`, `game_type_id`, `author_user_id`, `name`, `created_at`, `udated_at`) VALUES ('7', '3', '59', 'error', '2008-10-29 11:31:11', '1975-11-23 12:53:30');
INSERT INTO `games` (`id`, `game_type_id`, `author_user_id`, `name`, `created_at`, `udated_at`) VALUES ('8', '4', '60', 'consequatur', '2018-12-05 23:47:17', '1992-04-19 20:39:24');
INSERT INTO `games` (`id`, `game_type_id`, `author_user_id`, `name`, `created_at`, `udated_at`) VALUES ('9', '1', '61', 'dolorem', '1981-08-27 20:55:13', '2018-02-04 14:08:58');
INSERT INTO `games` (`id`, `game_type_id`, `author_user_id`, `name`, `created_at`, `udated_at`) VALUES ('10', '2', '62', 'aut', '2004-12-29 00:16:38', '2017-02-05 12:02:34');
INSERT INTO `games` (`id`, `game_type_id`, `author_user_id`, `name`, `created_at`, `udated_at`) VALUES ('11', '3', '63', 'modi', '2000-02-21 18:18:35', '1988-11-23 19:14:20');
INSERT INTO `games` (`id`, `game_type_id`, `author_user_id`, `name`, `created_at`, `udated_at`) VALUES ('12', '4', '70', 'voluptatem', '1997-08-19 10:06:51', '2021-07-20 16:54:53');
INSERT INTO `games` (`id`, `game_type_id`, `author_user_id`, `name`, `created_at`, `udated_at`) VALUES ('13', '1', '71', 'saepe', '2016-08-03 11:59:20', '1985-03-21 14:13:22');
INSERT INTO `games` (`id`, `game_type_id`, `author_user_id`, `name`, `created_at`, `udated_at`) VALUES ('14', '2', '74', 'laudantium', '1996-07-17 03:00:18', '2009-10-26 15:19:04');
INSERT INTO `games` (`id`, `game_type_id`, `author_user_id`, `name`, `created_at`, `udated_at`) VALUES ('15', '3', '75', 'minus', '2004-02-25 21:43:39', '2013-01-24 11:54:19');
INSERT INTO `games` (`id`, `game_type_id`, `author_user_id`, `name`, `created_at`, `udated_at`) VALUES ('16', '4', '76', 'eos', '2016-10-10 07:15:43', '1975-09-19 11:53:59');
INSERT INTO `games` (`id`, `game_type_id`, `author_user_id`, `name`, `created_at`, `udated_at`) VALUES ('17', '1', '78', 'deleniti', '1984-08-13 10:30:01', '1982-05-19 00:28:04');
INSERT INTO `games` (`id`, `game_type_id`, `author_user_id`, `name`, `created_at`, `udated_at`) VALUES ('18', '2', '79', 'ut', '2012-08-05 15:31:33', '1982-03-30 18:09:33');
INSERT INTO `games` (`id`, `game_type_id`, `author_user_id`, `name`, `created_at`, `udated_at`) VALUES ('19', '3', '80', 'necessitatibus', '1989-08-20 16:39:54', '1982-01-10 23:57:21');
INSERT INTO `games` (`id`, `game_type_id`, `author_user_id`, `name`, `created_at`, `udated_at`) VALUES ('20', '4', '81', 'deleniti', '2015-10-17 11:26:38', '1983-02-18 04:58:30');
INSERT INTO `games` (`id`, `game_type_id`, `author_user_id`, `name`, `created_at`, `udated_at`) VALUES ('21', '1', '82', 'perspiciatis', '1998-03-02 08:15:17', '1999-10-11 21:30:21');
INSERT INTO `games` (`id`, `game_type_id`, `author_user_id`, `name`, `created_at`, `udated_at`) VALUES ('22', '2', '83', 'veniam', '1998-12-20 04:10:07', '2020-08-01 08:36:58');
INSERT INTO `games` (`id`, `game_type_id`, `author_user_id`, `name`, `created_at`, `udated_at`) VALUES ('23', '3', '84', 'ipsa', '1974-06-17 22:33:52', '1992-05-16 13:27:41');
INSERT INTO `games` (`id`, `game_type_id`, `author_user_id`, `name`, `created_at`, `udated_at`) VALUES ('24', '4', '85', 'sit', '1989-09-22 06:32:21', '1985-09-14 15:44:16');
INSERT INTO `games` (`id`, `game_type_id`, `author_user_id`, `name`, `created_at`, `udated_at`) VALUES ('25', '1', '87', 'reiciendis', '1983-05-15 15:22:16', '1999-06-12 08:49:41');
INSERT INTO `games` (`id`, `game_type_id`, `author_user_id`, `name`, `created_at`, `udated_at`) VALUES ('26', '2', '88', 'mollitia', '1988-11-14 14:46:13', '2006-01-20 07:08:27');
INSERT INTO `games` (`id`, `game_type_id`, `author_user_id`, `name`, `created_at`, `udated_at`) VALUES ('27', '3', '89', 'ut', '1973-08-09 04:09:33', '2006-04-18 18:44:28');
INSERT INTO `games` (`id`, `game_type_id`, `author_user_id`, `name`, `created_at`, `udated_at`) VALUES ('28', '4', '90', 'aliquid', '1986-01-26 20:31:28', '1982-01-28 20:37:00');
INSERT INTO `games` (`id`, `game_type_id`, `author_user_id`, `name`, `created_at`, `udated_at`) VALUES ('29', '1', '91', 'dignissimos', '2003-04-16 01:28:13', '1999-05-26 09:58:38');
INSERT INTO `games` (`id`, `game_type_id`, `author_user_id`, `name`, `created_at`, `udated_at`) VALUES ('30', '2', '92', 'nobis', '1999-09-12 05:44:17', '1996-12-01 17:48:39');
INSERT INTO `games` (`id`, `game_type_id`, `author_user_id`, `name`, `created_at`, `udated_at`) VALUES ('31', '3', '94', 'libero', '1976-01-06 00:32:02', '1984-02-07 18:27:36');
INSERT INTO `games` (`id`, `game_type_id`, `author_user_id`, `name`, `created_at`, `udated_at`) VALUES ('32', '4', '95', 'nam', '2008-08-16 16:38:47', '1980-02-15 14:26:18');
INSERT INTO `games` (`id`, `game_type_id`, `author_user_id`, `name`, `created_at`, `udated_at`) VALUES ('33', '1', '96', 'quis', '1997-05-12 11:28:53', '1997-12-26 04:36:51');
INSERT INTO `games` (`id`, `game_type_id`, `author_user_id`, `name`, `created_at`, `udated_at`) VALUES ('34', '2', '98', 'exercitationem', '2004-10-14 23:20:53', '1972-09-16 21:16:33');
INSERT INTO `games` (`id`, `game_type_id`, `author_user_id`, `name`, `created_at`, `udated_at`) VALUES ('35', '3', '99', 'quaerat', '2007-07-18 03:53:57', '2001-10-05 02:05:58');
INSERT INTO `games` (`id`, `game_type_id`, `author_user_id`, `name`, `created_at`, `udated_at`) VALUES ('36', '4', '100', 'ipsam', '2012-09-04 07:32:42', '1999-04-06 10:18:10');
INSERT INTO `games` (`id`, `game_type_id`, `author_user_id`, `name`, `created_at`, `udated_at`) VALUES ('37', '1', '51', 'consequatur', '1977-05-09 14:40:31', '2014-09-15 04:58:41');
INSERT INTO `games` (`id`, `game_type_id`, `author_user_id`, `name`, `created_at`, `udated_at`) VALUES ('38', '2', '52', 'excepturi', '1976-06-07 07:29:33', '1982-11-15 12:45:02');
INSERT INTO `games` (`id`, `game_type_id`, `author_user_id`, `name`, `created_at`, `udated_at`) VALUES ('39', '3', '53', 'qui', '1999-05-21 22:11:12', '2004-08-05 07:21:54');
INSERT INTO `games` (`id`, `game_type_id`, `author_user_id`, `name`, `created_at`, `udated_at`) VALUES ('40', '4', '55', 'facilis', '1987-09-25 10:00:10', '2002-03-27 01:35:01');
INSERT INTO `games` (`id`, `game_type_id`, `author_user_id`, `name`, `created_at`, `udated_at`) VALUES ('41', '1', '56', 'quia', '1989-02-04 08:36:22', '1996-01-09 17:21:34');
INSERT INTO `games` (`id`, `game_type_id`, `author_user_id`, `name`, `created_at`, `udated_at`) VALUES ('42', '2', '58', 'id', '2017-07-04 19:08:23', '1984-03-16 23:26:46');
INSERT INTO `games` (`id`, `game_type_id`, `author_user_id`, `name`, `created_at`, `udated_at`) VALUES ('43', '3', '59', 'nisi', '2003-03-14 15:07:22', '2017-11-30 23:10:37');
INSERT INTO `games` (`id`, `game_type_id`, `author_user_id`, `name`, `created_at`, `udated_at`) VALUES ('44', '4', '60', 'aut', '1994-08-18 05:16:56', '2011-04-16 14:25:57');
INSERT INTO `games` (`id`, `game_type_id`, `author_user_id`, `name`, `created_at`, `udated_at`) VALUES ('45', '1', '61', 'soluta', '2014-09-18 21:07:35', '2009-02-18 21:25:04');
INSERT INTO `games` (`id`, `game_type_id`, `author_user_id`, `name`, `created_at`, `udated_at`) VALUES ('46', '2', '62', 'et', '2012-08-16 11:15:46', '1988-06-11 14:19:20');
INSERT INTO `games` (`id`, `game_type_id`, `author_user_id`, `name`, `created_at`, `udated_at`) VALUES ('47', '3', '63', 'eligendi', '2000-07-17 21:42:41', '1974-12-21 03:08:45');
INSERT INTO `games` (`id`, `game_type_id`, `author_user_id`, `name`, `created_at`, `udated_at`) VALUES ('48', '4', '70', 'deserunt', '2000-04-12 12:36:18', '1981-02-27 06:08:57');
INSERT INTO `games` (`id`, `game_type_id`, `author_user_id`, `name`, `created_at`, `udated_at`) VALUES ('49', '1', '71', 'corporis', '1978-01-24 22:31:00', '1987-02-07 12:50:15');
INSERT INTO `games` (`id`, `game_type_id`, `author_user_id`, `name`, `created_at`, `udated_at`) VALUES ('50', '2', '74', 'velit', '2009-07-19 22:24:05', '1978-07-31 09:38:20');



INSERT INTO `likes` (`id`, `media_id`, `user_id`, `created_at`) VALUES ('1', '1', '51', '1989-01-06 09:46:00');
INSERT INTO `likes` (`id`, `media_id`, `user_id`, `created_at`) VALUES ('2', '2', '52', '2009-01-04 20:37:48');
INSERT INTO `likes` (`id`, `media_id`, `user_id`, `created_at`) VALUES ('3', '3', '53', '2002-11-04 11:59:10');
INSERT INTO `likes` (`id`, `media_id`, `user_id`, `created_at`) VALUES ('4', '4', '55', '2004-06-22 03:51:41');
INSERT INTO `likes` (`id`, `media_id`, `user_id`, `created_at`) VALUES ('5', '5', '56', '2007-02-25 06:12:32');
INSERT INTO `likes` (`id`, `media_id`, `user_id`, `created_at`) VALUES ('6', '6', '58', '1974-12-07 18:23:27');
INSERT INTO `likes` (`id`, `media_id`, `user_id`, `created_at`) VALUES ('7', '7', '59', '2003-09-08 02:37:30');
INSERT INTO `likes` (`id`, `media_id`, `user_id`, `created_at`) VALUES ('8', '8', '60', '2003-03-29 13:03:35');
INSERT INTO `likes` (`id`, `media_id`, `user_id`, `created_at`) VALUES ('9', '9', '61', '2005-10-08 02:34:27');
INSERT INTO `likes` (`id`, `media_id`, `user_id`, `created_at`) VALUES ('10', '10', '62', '1989-10-29 00:26:10');
INSERT INTO `likes` (`id`, `media_id`, `user_id`, `created_at`) VALUES ('11', '11', '63', '2006-08-10 20:18:21');
INSERT INTO `likes` (`id`, `media_id`, `user_id`, `created_at`) VALUES ('12', '12', '70', '1990-04-30 18:48:42');
INSERT INTO `likes` (`id`, `media_id`, `user_id`, `created_at`) VALUES ('13', '13', '71', '1975-03-29 23:13:46');
INSERT INTO `likes` (`id`, `media_id`, `user_id`, `created_at`) VALUES ('14', '14', '74', '1999-03-27 17:27:28');
INSERT INTO `likes` (`id`, `media_id`, `user_id`, `created_at`) VALUES ('15', '15', '75', '1993-03-06 19:28:03');
INSERT INTO `likes` (`id`, `media_id`, `user_id`, `created_at`) VALUES ('16', '16', '76', '1986-07-09 07:47:49');
INSERT INTO `likes` (`id`, `media_id`, `user_id`, `created_at`) VALUES ('17', '17', '78', '2018-10-11 17:22:40');
INSERT INTO `likes` (`id`, `media_id`, `user_id`, `created_at`) VALUES ('18', '18', '79', '1973-10-07 07:35:03');
INSERT INTO `likes` (`id`, `media_id`, `user_id`, `created_at`) VALUES ('19', '19', '80', '1993-06-30 20:17:15');
INSERT INTO `likes` (`id`, `media_id`, `user_id`, `created_at`) VALUES ('20', '20', '81', '1971-06-22 04:07:28');
INSERT INTO `likes` (`id`, `media_id`, `user_id`, `created_at`) VALUES ('21', '21', '82', '1982-03-04 10:17:13');
INSERT INTO `likes` (`id`, `media_id`, `user_id`, `created_at`) VALUES ('22', '22', '83', '1985-09-30 14:54:38');
INSERT INTO `likes` (`id`, `media_id`, `user_id`, `created_at`) VALUES ('23', '23', '84', '1978-03-11 17:57:08');
INSERT INTO `likes` (`id`, `media_id`, `user_id`, `created_at`) VALUES ('24', '24', '85', '2011-05-14 23:36:24');
INSERT INTO `likes` (`id`, `media_id`, `user_id`, `created_at`) VALUES ('25', '25', '87', '1978-02-26 06:31:43');
INSERT INTO `likes` (`id`, `media_id`, `user_id`, `created_at`) VALUES ('26', '26', '88', '2000-11-20 06:19:27');
INSERT INTO `likes` (`id`, `media_id`, `user_id`, `created_at`) VALUES ('27', '27', '89', '2019-12-02 10:08:21');
INSERT INTO `likes` (`id`, `media_id`, `user_id`, `created_at`) VALUES ('28', '28', '90', '1979-12-18 06:23:23');
INSERT INTO `likes` (`id`, `media_id`, `user_id`, `created_at`) VALUES ('29', '29', '91', '1976-04-19 03:52:28');
INSERT INTO `likes` (`id`, `media_id`, `user_id`, `created_at`) VALUES ('30', '30', '92', '1990-12-23 01:25:48');
INSERT INTO `likes` (`id`, `media_id`, `user_id`, `created_at`) VALUES ('31', '31', '94', '1986-06-04 06:59:08');
INSERT INTO `likes` (`id`, `media_id`, `user_id`, `created_at`) VALUES ('32', '32', '95', '2013-06-15 22:13:05');
INSERT INTO `likes` (`id`, `media_id`, `user_id`, `created_at`) VALUES ('33', '33', '96', '2008-03-21 00:32:05');
INSERT INTO `likes` (`id`, `media_id`, `user_id`, `created_at`) VALUES ('34', '34', '98', '2017-07-13 00:11:08');
INSERT INTO `likes` (`id`, `media_id`, `user_id`, `created_at`) VALUES ('35', '35', '99', '2008-08-03 23:51:39');
INSERT INTO `likes` (`id`, `media_id`, `user_id`, `created_at`) VALUES ('36', '36', '100', '1996-09-10 01:30:13');
INSERT INTO `likes` (`id`, `media_id`, `user_id`, `created_at`) VALUES ('37', '37', '51', '2007-11-07 03:50:51');
INSERT INTO `likes` (`id`, `media_id`, `user_id`, `created_at`) VALUES ('38', '38', '52', '1996-11-17 16:08:34');
INSERT INTO `likes` (`id`, `media_id`, `user_id`, `created_at`) VALUES ('39', '39', '53', '2004-05-29 05:09:18');
INSERT INTO `likes` (`id`, `media_id`, `user_id`, `created_at`) VALUES ('40', '40', '55', '1972-05-31 16:33:16');
INSERT INTO `likes` (`id`, `media_id`, `user_id`, `created_at`) VALUES ('41', '41', '56', '1973-06-01 02:09:28');
INSERT INTO `likes` (`id`, `media_id`, `user_id`, `created_at`) VALUES ('42', '42', '58', '1984-03-23 21:49:46');
INSERT INTO `likes` (`id`, `media_id`, `user_id`, `created_at`) VALUES ('43', '43', '59', '1999-01-12 22:34:55');
INSERT INTO `likes` (`id`, `media_id`, `user_id`, `created_at`) VALUES ('44', '44', '60', '1997-10-28 15:22:19');
INSERT INTO `likes` (`id`, `media_id`, `user_id`, `created_at`) VALUES ('45', '45', '61', '1981-09-18 20:31:07');
INSERT INTO `likes` (`id`, `media_id`, `user_id`, `created_at`) VALUES ('46', '46', '62', '2002-03-14 07:40:05');
INSERT INTO `likes` (`id`, `media_id`, `user_id`, `created_at`) VALUES ('47', '47', '63', '1994-10-11 11:27:16');
INSERT INTO `likes` (`id`, `media_id`, `user_id`, `created_at`) VALUES ('48', '48', '70', '2014-06-18 00:30:41');
INSERT INTO `likes` (`id`, `media_id`, `user_id`, `created_at`) VALUES ('49', '49', '71', '2001-08-28 09:42:23');
INSERT INTO `likes` (`id`, `media_id`, `user_id`, `created_at`) VALUES ('50', '50', '74', '1970-09-12 14:54:39');



INSERT INTO `messages` (`id`, `from_user_id`, `to_user_id`, `body`, `created_at`) VALUES ('1', '51', '51', 'Est nulla officiis est vel. Suscipit quos ab at nulla. Modi ullam ducimus et qui. Est sed aspernatur quasi.', '2002-12-24 05:23:07');
INSERT INTO `messages` (`id`, `from_user_id`, `to_user_id`, `body`, `created_at`) VALUES ('2', '52', '52', 'Voluptatem quis iure veritatis sed nobis facilis. In perferendis omnis earum sed officia rerum enim et. Adipisci unde in animi eum expedita nam voluptatibus amet. Nihil omnis velit rerum ex eos iste repellendus.', '2003-08-01 15:10:53');
INSERT INTO `messages` (`id`, `from_user_id`, `to_user_id`, `body`, `created_at`) VALUES ('3', '53', '53', 'Aperiam vitae repellat architecto. Ea ea occaecati tenetur animi nesciunt delectus quibusdam autem. Est ut minima quae fugiat esse.', '1995-09-09 21:38:02');
INSERT INTO `messages` (`id`, `from_user_id`, `to_user_id`, `body`, `created_at`) VALUES ('4', '55', '55', 'Sed recusandae odit fugiat eos eos. Et ut repellendus et iure quia quod. Magni omnis et sint voluptas.', '2000-05-28 14:37:35');
INSERT INTO `messages` (`id`, `from_user_id`, `to_user_id`, `body`, `created_at`) VALUES ('5', '56', '56', 'Officia qui aut doloremque delectus saepe quos. Blanditiis ut voluptate maiores incidunt explicabo. Quo ut in unde aliquam assumenda. Laudantium nostrum quia sunt ut facilis asperiores.', '1972-01-24 23:24:30');
INSERT INTO `messages` (`id`, `from_user_id`, `to_user_id`, `body`, `created_at`) VALUES ('6', '58', '58', 'Illo aut ut accusamus veritatis adipisci ab hic. Velit et eius temporibus aperiam. Quo possimus rerum quasi quia et velit eum quas.', '1971-09-19 05:58:17');
INSERT INTO `messages` (`id`, `from_user_id`, `to_user_id`, `body`, `created_at`) VALUES ('7', '59', '59', 'Quod laboriosam voluptatem velit. Explicabo eos et vero neque. Dignissimos omnis odit in natus laborum animi harum. Aut eaque incidunt mollitia.', '1977-01-14 03:58:01');
INSERT INTO `messages` (`id`, `from_user_id`, `to_user_id`, `body`, `created_at`) VALUES ('8', '60', '60', 'Fuga iure natus ullam molestias et. Quo officia minima id recusandae aut. Cupiditate qui asperiores eos quo.', '1988-10-14 18:30:18');
INSERT INTO `messages` (`id`, `from_user_id`, `to_user_id`, `body`, `created_at`) VALUES ('9', '61', '61', 'A voluptate molestiae odio ab consequuntur. Tenetur eos porro iusto consequatur. Ducimus voluptatem possimus sit nisi earum sed non. Sunt magnam nisi beatae cupiditate nihil quia. Voluptatibus qui voluptatem saepe dolor debitis cupiditate ea.', '2019-10-02 08:19:20');
INSERT INTO `messages` (`id`, `from_user_id`, `to_user_id`, `body`, `created_at`) VALUES ('10', '62', '62', 'Quae omnis odit consequuntur voluptatibus ipsam eum. Iure laudantium dolores eius qui dicta aut illum. Cumque dicta eligendi aperiam non soluta.', '2017-11-08 19:04:02');
INSERT INTO `messages` (`id`, `from_user_id`, `to_user_id`, `body`, `created_at`) VALUES ('11', '63', '63', 'Soluta sint dolor aspernatur rerum temporibus quia aliquam. Magni ex autem est et iure. Voluptatem nobis consequatur qui corrupti. Consequatur tenetur non consequatur minima adipisci quaerat vero.', '2003-08-11 11:30:11');
INSERT INTO `messages` (`id`, `from_user_id`, `to_user_id`, `body`, `created_at`) VALUES ('12', '70', '70', 'Officia quasi eveniet ex non et sint. Ad exercitationem minus impedit voluptas voluptate. Voluptas aut facilis voluptatem alias et perspiciatis. Ut optio sit modi quis tenetur.', '2013-05-13 07:12:29');
INSERT INTO `messages` (`id`, `from_user_id`, `to_user_id`, `body`, `created_at`) VALUES ('13', '71', '71', 'Rem officiis aut assumenda et. Et et nihil voluptas. Neque omnis nesciunt quaerat soluta. Illo quod velit voluptates ipsam ut quibusdam culpa.', '1996-02-06 16:30:30');
INSERT INTO `messages` (`id`, `from_user_id`, `to_user_id`, `body`, `created_at`) VALUES ('14', '74', '74', 'Deserunt molestiae ipsam nam dolores autem. Dolor quas vel tempora. Ex perferendis quasi facilis sunt illum rerum.', '2005-12-24 23:23:54');
INSERT INTO `messages` (`id`, `from_user_id`, `to_user_id`, `body`, `created_at`) VALUES ('15', '75', '75', 'Dolorem amet facere est vel unde hic et. Veniam ipsa earum consequatur rerum. Illum ut fugit omnis aperiam et neque vel corporis.', '2002-06-15 18:52:56');
INSERT INTO `messages` (`id`, `from_user_id`, `to_user_id`, `body`, `created_at`) VALUES ('16', '76', '76', 'Accusantium illo rerum illum et commodi porro. Iure est ipsam omnis amet dolor. Inventore natus fuga dolores iusto est earum.', '1976-10-25 23:28:58');
INSERT INTO `messages` (`id`, `from_user_id`, `to_user_id`, `body`, `created_at`) VALUES ('17', '78', '78', 'Omnis nam aperiam et hic voluptas eius voluptas sint. Ducimus nesciunt qui non quisquam voluptatibus placeat. Impedit natus consequatur ut deserunt quo tempore. Voluptatum voluptate laboriosam et.', '1992-11-03 04:11:05');
INSERT INTO `messages` (`id`, `from_user_id`, `to_user_id`, `body`, `created_at`) VALUES ('18', '79', '79', 'Ab optio aut officiis nostrum. Ipsam aut soluta quasi eaque sint non quia deserunt. Voluptatem earum et fugiat rerum rerum rerum repellendus voluptatem. Porro possimus dolore occaecati officiis est doloremque.', '2017-11-18 13:32:21');
INSERT INTO `messages` (`id`, `from_user_id`, `to_user_id`, `body`, `created_at`) VALUES ('19', '80', '80', 'Beatae dolor numquam saepe nam cupiditate ut mollitia. Sunt sed a deleniti quo quidem. Ducimus iure nisi sint dolore et.', '1970-03-27 12:57:31');
INSERT INTO `messages` (`id`, `from_user_id`, `to_user_id`, `body`, `created_at`) VALUES ('20', '81', '81', 'Nihil sapiente illo culpa unde. Odit et ut rerum autem. Quis corrupti necessitatibus omnis pariatur consequatur.', '1999-07-02 16:10:16');
INSERT INTO `messages` (`id`, `from_user_id`, `to_user_id`, `body`, `created_at`) VALUES ('21', '82', '82', 'Dolores ut voluptas vitae similique non adipisci aut. Quae voluptas distinctio maiores culpa aut voluptatem at. Ad aut assumenda ea quod aperiam. Quia inventore esse labore consequuntur.', '2015-01-03 21:19:10');
INSERT INTO `messages` (`id`, `from_user_id`, `to_user_id`, `body`, `created_at`) VALUES ('22', '83', '83', 'Ut velit inventore quos ipsa quibusdam officia quas. Quos aut sapiente quisquam ipsam earum vel. Laborum natus quam dolores eum et mollitia molestiae. Voluptas a minima vel commodi ex.', '2018-08-04 09:20:38');
INSERT INTO `messages` (`id`, `from_user_id`, `to_user_id`, `body`, `created_at`) VALUES ('23', '84', '84', 'Magnam ut necessitatibus eius mollitia. Quia nihil sequi reiciendis et voluptas pariatur. Illum ipsum corporis culpa iusto qui delectus.', '2020-01-09 05:13:07');
INSERT INTO `messages` (`id`, `from_user_id`, `to_user_id`, `body`, `created_at`) VALUES ('24', '85', '85', 'Excepturi quidem aut rerum aliquid sed. Iste officiis vel aut eveniet sunt rem modi et. Molestias debitis molestias iure animi unde eum cumque.', '1985-09-26 01:24:23');
INSERT INTO `messages` (`id`, `from_user_id`, `to_user_id`, `body`, `created_at`) VALUES ('25', '87', '87', 'Optio officiis aut in necessitatibus. Consequuntur blanditiis sapiente est. Consequuntur assumenda expedita repellendus voluptatem. Sunt autem voluptatem odio ut ex quo corporis.', '1988-08-29 12:29:52');
INSERT INTO `messages` (`id`, `from_user_id`, `to_user_id`, `body`, `created_at`) VALUES ('26', '88', '88', 'Natus ea necessitatibus voluptatem praesentium soluta voluptatem voluptas. Cum sint consectetur sed ut est. Nisi autem numquam eos magnam aut vel. Eum et eum quibusdam porro iste.', '1985-12-24 08:18:55');
INSERT INTO `messages` (`id`, `from_user_id`, `to_user_id`, `body`, `created_at`) VALUES ('27', '89', '89', 'Aut omnis impedit quae doloribus possimus. Numquam neque nisi et ea omnis. Magnam architecto distinctio voluptatem voluptas eligendi. Ut quam est provident ab.', '2022-02-22 18:09:12');
INSERT INTO `messages` (`id`, `from_user_id`, `to_user_id`, `body`, `created_at`) VALUES ('28', '90', '90', 'Cumque vitae vel ducimus molestias ratione perspiciatis eligendi. In ut nesciunt quia. Similique minus veritatis unde quis eaque odio deserunt aperiam.', '1979-09-20 12:59:42');
INSERT INTO `messages` (`id`, `from_user_id`, `to_user_id`, `body`, `created_at`) VALUES ('29', '91', '91', 'Unde aut distinctio est at aut. Officiis ratione quia et et veritatis quis accusamus animi. Suscipit modi explicabo doloremque officia sunt ut. Est illum ratione vero.', '1973-05-24 03:33:29');
INSERT INTO `messages` (`id`, `from_user_id`, `to_user_id`, `body`, `created_at`) VALUES ('30', '92', '92', 'Eius aut officia dolorem ut ipsa voluptatum. Iusto asperiores enim vel qui vero ad. Quos provident eos dolores consequuntur aliquam dolorem molestiae rem. Rerum reiciendis quo sed cupiditate cupiditate in id labore.', '2009-12-05 04:04:27');
INSERT INTO `messages` (`id`, `from_user_id`, `to_user_id`, `body`, `created_at`) VALUES ('31', '94', '94', 'Corporis est odit dolorum non. Incidunt ut expedita nihil. Cum officia voluptate aut officiis officia consequatur magni. Laudantium dolor quis nam itaque.', '1993-03-09 19:07:11');
INSERT INTO `messages` (`id`, `from_user_id`, `to_user_id`, `body`, `created_at`) VALUES ('32', '95', '95', 'Tenetur aspernatur sit totam. Fugit iste porro sit accusantium. Dolores enim inventore quia consequatur qui perferendis perspiciatis. Quos illo distinctio expedita sed.', '2000-01-08 05:47:43');
INSERT INTO `messages` (`id`, `from_user_id`, `to_user_id`, `body`, `created_at`) VALUES ('33', '96', '96', 'Amet porro non laborum reprehenderit quibusdam. Modi aut sapiente aliquam modi expedita quod tempore. Quae aut sapiente facere itaque. Nobis explicabo distinctio in libero est ut.', '1981-06-19 15:14:06');
INSERT INTO `messages` (`id`, `from_user_id`, `to_user_id`, `body`, `created_at`) VALUES ('34', '98', '98', 'Vero qui quia ducimus doloremque. Voluptas iusto quod inventore quis dignissimos ut eius. Asperiores consequatur nesciunt similique et consequuntur magni perferendis. Est molestiae dolores officia. Ipsa temporibus vel repellat repellendus quo quis.', '2012-06-28 01:44:12');
INSERT INTO `messages` (`id`, `from_user_id`, `to_user_id`, `body`, `created_at`) VALUES ('35', '99', '99', 'Facere et sed eius aut quas excepturi. Et ex in officiis assumenda. Inventore molestias tenetur saepe totam earum. Voluptatum natus culpa omnis dolorem rerum error incidunt.', '2010-03-12 22:24:27');
INSERT INTO `messages` (`id`, `from_user_id`, `to_user_id`, `body`, `created_at`) VALUES ('36', '100', '100', 'Ab est rem recusandae sed voluptates est. Consequatur sint qui cum excepturi. Laboriosam praesentium consequuntur est consectetur quo aut magnam. Officiis dolore veritatis officiis amet delectus aut dolorem.', '1997-10-20 02:44:01');
INSERT INTO `messages` (`id`, `from_user_id`, `to_user_id`, `body`, `created_at`) VALUES ('37', '51', '51', 'Delectus tenetur veritatis atque optio perferendis excepturi tempore. Inventore et voluptatum quaerat rerum id. Facere aut autem provident natus.', '2015-09-22 10:46:10');
INSERT INTO `messages` (`id`, `from_user_id`, `to_user_id`, `body`, `created_at`) VALUES ('38', '52', '52', 'Et quo vitae sit error pariatur qui eos temporibus. Autem exercitationem quibusdam atque et. Reprehenderit praesentium voluptatibus consequuntur optio corrupti. Sed maxime eum tempora quis.', '1976-03-25 22:14:09');
INSERT INTO `messages` (`id`, `from_user_id`, `to_user_id`, `body`, `created_at`) VALUES ('39', '53', '53', 'Asperiores quo aut et tempore quia eius blanditiis. Reprehenderit suscipit qui laborum vel aut. Cum accusamus nesciunt architecto id. Dolor quas cupiditate vitae sit nulla natus laborum.', '2018-11-07 03:08:04');
INSERT INTO `messages` (`id`, `from_user_id`, `to_user_id`, `body`, `created_at`) VALUES ('40', '55', '55', 'Est ut quidem ut atque atque. Temporibus eligendi placeat dolores sunt quae. Voluptatibus dolores nemo quia quia.', '1971-04-20 21:27:38');
INSERT INTO `messages` (`id`, `from_user_id`, `to_user_id`, `body`, `created_at`) VALUES ('41', '56', '56', 'Nesciunt quo dicta aut esse id maxime reprehenderit. Qui totam qui quis praesentium. Dignissimos autem et voluptas necessitatibus. Ex quia vitae hic deserunt labore fugiat.', '1973-04-11 02:20:54');
INSERT INTO `messages` (`id`, `from_user_id`, `to_user_id`, `body`, `created_at`) VALUES ('42', '58', '58', 'Ratione sunt nostrum nobis enim adipisci voluptatem. Aut aut natus dolor commodi dignissimos voluptas expedita. Et delectus sit sunt aut dolorum ipsam vel. Pariatur delectus quis impedit maxime molestiae dolorem distinctio. Libero aut rem alias necessitatibus similique deserunt.', '2008-01-18 07:27:42');
INSERT INTO `messages` (`id`, `from_user_id`, `to_user_id`, `body`, `created_at`) VALUES ('43', '59', '59', 'Quia nostrum corporis porro cumque numquam. Eius voluptates hic quasi eum possimus eum est. Id ea at consectetur voluptatibus repudiandae. Expedita deleniti nulla voluptate.', '1998-12-27 10:29:16');
INSERT INTO `messages` (`id`, `from_user_id`, `to_user_id`, `body`, `created_at`) VALUES ('44', '60', '60', 'Consequatur ut et eos ipsum officiis sed voluptas. Rem deserunt molestiae quia possimus deserunt. Corrupti assumenda voluptatibus sunt quas sit aut. Iusto deleniti quia voluptatem harum reprehenderit magnam fugiat.', '1993-07-05 16:41:25');
INSERT INTO `messages` (`id`, `from_user_id`, `to_user_id`, `body`, `created_at`) VALUES ('45', '61', '61', 'Quidem quos veniam distinctio molestiae voluptatem nostrum explicabo amet. Explicabo praesentium ea deleniti ad maxime dolor dolor.', '1973-02-25 16:34:49');
INSERT INTO `messages` (`id`, `from_user_id`, `to_user_id`, `body`, `created_at`) VALUES ('46', '62', '62', 'Assumenda adipisci porro placeat ea labore non beatae quo. Nihil nihil vitae aut repellendus consequatur ad et sed. Nostrum veniam cumque amet quos dolores pariatur. Maxime mollitia quibusdam voluptas.', '1990-04-07 20:47:15');
INSERT INTO `messages` (`id`, `from_user_id`, `to_user_id`, `body`, `created_at`) VALUES ('47', '63', '63', 'Voluptas perferendis aut quia ut. Velit iure quam aut aperiam porro. Rerum consectetur beatae voluptas enim nesciunt inventore unde hic. Et cumque magnam quas aut esse eum.', '2006-09-20 08:02:22');
INSERT INTO `messages` (`id`, `from_user_id`, `to_user_id`, `body`, `created_at`) VALUES ('48', '70', '70', 'Quia velit amet id delectus inventore labore odio. Praesentium doloremque architecto dolore et. Molestiae consectetur earum et omnis.', '1973-01-29 09:46:31');
INSERT INTO `messages` (`id`, `from_user_id`, `to_user_id`, `body`, `created_at`) VALUES ('49', '71', '71', 'Est exercitationem iste eveniet laboriosam accusantium sapiente reprehenderit. Quis tenetur quos facilis consequatur. Non eum voluptas id sed dolorem voluptas. Animi distinctio voluptatibus repudiandae ea.', '2004-03-18 06:53:54');
INSERT INTO `messages` (`id`, `from_user_id`, `to_user_id`, `body`, `created_at`) VALUES ('50', '74', '74', 'Doloribus perspiciatis sint et quia. Et eos itaque eveniet et aliquam. Quod aspernatur eligendi fugit ea.', '1987-02-11 17:23:05');



INSERT INTO `photo_albums` (`id`, `user_id`, `name`, `created_at`, `udated_at`) VALUES ('1', '51', 'explicabo', '1972-11-22 06:08:22', '2008-04-20 16:32:00');
INSERT INTO `photo_albums` (`id`, `user_id`, `name`, `created_at`, `udated_at`) VALUES ('2', '52', 'officiis', '1989-07-04 23:49:35', '2021-09-12 16:52:51');
INSERT INTO `photo_albums` (`id`, `user_id`, `name`, `created_at`, `udated_at`) VALUES ('3', '53', 'quia', '1987-06-08 20:57:18', '2017-08-20 12:17:56');
INSERT INTO `photo_albums` (`id`, `user_id`, `name`, `created_at`, `udated_at`) VALUES ('4', '55', 'qui', '1999-02-08 20:59:30', '1975-05-24 14:37:23');
INSERT INTO `photo_albums` (`id`, `user_id`, `name`, `created_at`, `udated_at`) VALUES ('5', '56', 'voluptatem', '1995-07-07 04:40:16', '2006-06-25 14:34:58');
INSERT INTO `photo_albums` (`id`, `user_id`, `name`, `created_at`, `udated_at`) VALUES ('6', '58', 'dolor', '1999-10-26 15:58:02', '2012-10-18 20:49:45');
INSERT INTO `photo_albums` (`id`, `user_id`, `name`, `created_at`, `udated_at`) VALUES ('7', '59', 'cupiditate', '1972-11-27 18:50:22', '2009-09-17 05:29:05');
INSERT INTO `photo_albums` (`id`, `user_id`, `name`, `created_at`, `udated_at`) VALUES ('8', '60', 'aut', '2003-11-23 16:35:57', '1970-12-26 13:32:26');
INSERT INTO `photo_albums` (`id`, `user_id`, `name`, `created_at`, `udated_at`) VALUES ('9', '61', 'sint', '1995-07-17 05:14:07', '2022-03-17 06:53:40');
INSERT INTO `photo_albums` (`id`, `user_id`, `name`, `created_at`, `udated_at`) VALUES ('10', '62', 'et', '1996-11-04 23:42:19', '2001-01-09 17:30:26');
INSERT INTO `photo_albums` (`id`, `user_id`, `name`, `created_at`, `udated_at`) VALUES ('11', '63', 'alias', '1991-12-24 23:10:58', '1988-05-20 17:38:13');
INSERT INTO `photo_albums` (`id`, `user_id`, `name`, `created_at`, `udated_at`) VALUES ('12', '70', 'quam', '1973-06-16 04:21:44', '2009-10-19 20:36:59');
INSERT INTO `photo_albums` (`id`, `user_id`, `name`, `created_at`, `udated_at`) VALUES ('13', '71', 'officiis', '1991-07-24 23:10:09', '2015-06-22 20:38:12');
INSERT INTO `photo_albums` (`id`, `user_id`, `name`, `created_at`, `udated_at`) VALUES ('14', '74', 'sit', '1983-12-09 15:02:49', '1978-05-18 20:15:16');
INSERT INTO `photo_albums` (`id`, `user_id`, `name`, `created_at`, `udated_at`) VALUES ('15', '75', 'cumque', '1985-03-09 19:20:36', '1999-04-13 16:16:44');
INSERT INTO `photo_albums` (`id`, `user_id`, `name`, `created_at`, `udated_at`) VALUES ('16', '76', 'officia', '1978-10-31 11:09:34', '2019-01-23 17:31:57');
INSERT INTO `photo_albums` (`id`, `user_id`, `name`, `created_at`, `udated_at`) VALUES ('17', '78', 'et', '2016-01-26 08:33:25', '2009-04-12 11:36:49');
INSERT INTO `photo_albums` (`id`, `user_id`, `name`, `created_at`, `udated_at`) VALUES ('18', '79', 'fuga', '2014-09-28 15:41:09', '2018-01-05 16:22:42');
INSERT INTO `photo_albums` (`id`, `user_id`, `name`, `created_at`, `udated_at`) VALUES ('19', '80', 'dolorem', '1975-08-17 17:02:12', '2001-06-10 05:48:19');
INSERT INTO `photo_albums` (`id`, `user_id`, `name`, `created_at`, `udated_at`) VALUES ('20', '81', 'sit', '1985-02-17 06:03:58', '2000-12-16 05:58:21');
INSERT INTO `photo_albums` (`id`, `user_id`, `name`, `created_at`, `udated_at`) VALUES ('21', '82', 'est', '1998-01-02 04:45:16', '2001-10-06 08:52:11');
INSERT INTO `photo_albums` (`id`, `user_id`, `name`, `created_at`, `udated_at`) VALUES ('22', '83', 'consectetur', '2015-05-03 21:00:53', '2015-11-04 07:34:16');
INSERT INTO `photo_albums` (`id`, `user_id`, `name`, `created_at`, `udated_at`) VALUES ('23', '84', 'qui', '2010-01-19 19:47:19', '1984-12-23 06:09:19');
INSERT INTO `photo_albums` (`id`, `user_id`, `name`, `created_at`, `udated_at`) VALUES ('24', '85', 'commodi', '2004-01-17 05:52:29', '2002-09-07 00:05:19');
INSERT INTO `photo_albums` (`id`, `user_id`, `name`, `created_at`, `udated_at`) VALUES ('25', '87', 'voluptas', '2005-03-22 15:02:01', '2008-06-07 07:03:03');
INSERT INTO `photo_albums` (`id`, `user_id`, `name`, `created_at`, `udated_at`) VALUES ('26', '88', 'enim', '2003-02-19 06:19:29', '2019-05-01 06:37:58');
INSERT INTO `photo_albums` (`id`, `user_id`, `name`, `created_at`, `udated_at`) VALUES ('27', '89', 'voluptates', '2021-10-01 01:01:55', '1997-06-05 04:25:47');
INSERT INTO `photo_albums` (`id`, `user_id`, `name`, `created_at`, `udated_at`) VALUES ('28', '90', 'explicabo', '1987-09-10 09:18:57', '1979-07-27 02:19:35');
INSERT INTO `photo_albums` (`id`, `user_id`, `name`, `created_at`, `udated_at`) VALUES ('29', '91', 'minima', '2021-05-17 02:17:48', '1979-03-26 05:57:11');
INSERT INTO `photo_albums` (`id`, `user_id`, `name`, `created_at`, `udated_at`) VALUES ('30', '92', 'asperiores', '2006-03-09 00:23:04', '2004-11-21 02:05:18');
INSERT INTO `photo_albums` (`id`, `user_id`, `name`, `created_at`, `udated_at`) VALUES ('31', '94', 'exercitationem', '1995-09-24 15:45:23', '2021-09-27 15:13:18');
INSERT INTO `photo_albums` (`id`, `user_id`, `name`, `created_at`, `udated_at`) VALUES ('32', '95', 'omnis', '2016-07-07 16:14:28', '2016-01-15 23:18:27');
INSERT INTO `photo_albums` (`id`, `user_id`, `name`, `created_at`, `udated_at`) VALUES ('33', '96', 'minima', '1978-08-21 04:31:12', '2018-03-23 17:46:41');
INSERT INTO `photo_albums` (`id`, `user_id`, `name`, `created_at`, `udated_at`) VALUES ('34', '98', 'unde', '1980-08-14 02:16:54', '2018-10-31 16:27:40');
INSERT INTO `photo_albums` (`id`, `user_id`, `name`, `created_at`, `udated_at`) VALUES ('35', '99', 'quaerat', '1974-11-04 02:26:37', '1973-03-25 21:03:49');
INSERT INTO `photo_albums` (`id`, `user_id`, `name`, `created_at`, `udated_at`) VALUES ('36', '100', 'unde', '2016-06-30 19:02:21', '1999-04-12 17:12:59');
INSERT INTO `photo_albums` (`id`, `user_id`, `name`, `created_at`, `udated_at`) VALUES ('37', '51', 'eum', '1998-08-05 19:29:02', '1989-01-05 13:29:13');
INSERT INTO `photo_albums` (`id`, `user_id`, `name`, `created_at`, `udated_at`) VALUES ('38', '52', 'asperiores', '2002-08-21 01:17:46', '1977-03-27 19:12:36');
INSERT INTO `photo_albums` (`id`, `user_id`, `name`, `created_at`, `udated_at`) VALUES ('39', '53', 'aut', '1992-03-17 11:48:55', '2021-10-24 06:29:23');
INSERT INTO `photo_albums` (`id`, `user_id`, `name`, `created_at`, `udated_at`) VALUES ('40', '55', 'reprehenderit', '1998-01-16 10:06:27', '2018-11-14 14:02:05');
INSERT INTO `photo_albums` (`id`, `user_id`, `name`, `created_at`, `udated_at`) VALUES ('41', '56', 'aut', '2016-01-04 15:30:42', '1985-05-15 10:13:42');
INSERT INTO `photo_albums` (`id`, `user_id`, `name`, `created_at`, `udated_at`) VALUES ('42', '58', 'ipsum', '2013-09-29 01:01:28', '1996-02-20 01:11:40');
INSERT INTO `photo_albums` (`id`, `user_id`, `name`, `created_at`, `udated_at`) VALUES ('43', '59', 'officiis', '1990-09-28 12:11:51', '1996-10-19 06:59:11');
INSERT INTO `photo_albums` (`id`, `user_id`, `name`, `created_at`, `udated_at`) VALUES ('44', '60', 'eaque', '1984-05-31 21:07:23', '1978-05-07 20:58:31');
INSERT INTO `photo_albums` (`id`, `user_id`, `name`, `created_at`, `udated_at`) VALUES ('45', '61', 'est', '1990-05-04 15:16:16', '2015-10-11 07:05:34');
INSERT INTO `photo_albums` (`id`, `user_id`, `name`, `created_at`, `udated_at`) VALUES ('46', '62', 'omnis', '1973-02-09 16:28:35', '2020-09-04 04:34:38');
INSERT INTO `photo_albums` (`id`, `user_id`, `name`, `created_at`, `udated_at`) VALUES ('47', '63', 'vel', '1992-01-10 22:37:06', '1997-08-31 02:30:22');
INSERT INTO `photo_albums` (`id`, `user_id`, `name`, `created_at`, `udated_at`) VALUES ('48', '70', 'est', '1980-12-06 18:40:22', '1990-05-30 09:41:37');
INSERT INTO `photo_albums` (`id`, `user_id`, `name`, `created_at`, `udated_at`) VALUES ('49', '71', 'repellat', '1984-04-23 07:40:51', '1984-05-14 06:39:50');
INSERT INTO `photo_albums` (`id`, `user_id`, `name`, `created_at`, `udated_at`) VALUES ('50', '74', 'quaerat', '1980-09-08 16:25:55', '2014-06-27 18:50:01');



INSERT INTO `photos` (`id`, `user_id`, `album_id`, `media_id`, `created_at`) VALUES ('1', '51', '1', '1', '2021-12-14 15:16:15');
INSERT INTO `photos` (`id`, `user_id`, `album_id`, `media_id`, `created_at`) VALUES ('2', '52', '2', '2', '2002-02-01 09:00:53');
INSERT INTO `photos` (`id`, `user_id`, `album_id`, `media_id`, `created_at`) VALUES ('3', '53', '3', '3', '2008-04-13 05:52:05');
INSERT INTO `photos` (`id`, `user_id`, `album_id`, `media_id`, `created_at`) VALUES ('4', '55', '4', '4', '1972-10-09 09:53:23');
INSERT INTO `photos` (`id`, `user_id`, `album_id`, `media_id`, `created_at`) VALUES ('5', '56', '5', '5', '2016-01-15 00:30:39');
INSERT INTO `photos` (`id`, `user_id`, `album_id`, `media_id`, `created_at`) VALUES ('6', '58', '6', '6', '1988-07-13 22:41:52');
INSERT INTO `photos` (`id`, `user_id`, `album_id`, `media_id`, `created_at`) VALUES ('7', '59', '7', '7', '1987-08-20 14:24:21');
INSERT INTO `photos` (`id`, `user_id`, `album_id`, `media_id`, `created_at`) VALUES ('8', '60', '8', '8', '1992-09-03 01:56:49');
INSERT INTO `photos` (`id`, `user_id`, `album_id`, `media_id`, `created_at`) VALUES ('9', '61', '9', '9', '2014-03-10 02:14:41');
INSERT INTO `photos` (`id`, `user_id`, `album_id`, `media_id`, `created_at`) VALUES ('10', '62', '10', '10', '1990-08-01 22:13:06');
INSERT INTO `photos` (`id`, `user_id`, `album_id`, `media_id`, `created_at`) VALUES ('11', '63', '11', '11', '2018-06-19 19:35:37');
INSERT INTO `photos` (`id`, `user_id`, `album_id`, `media_id`, `created_at`) VALUES ('12', '70', '12', '12', '1992-08-30 07:11:53');
INSERT INTO `photos` (`id`, `user_id`, `album_id`, `media_id`, `created_at`) VALUES ('13', '71', '13', '13', '2011-08-26 16:58:28');
INSERT INTO `photos` (`id`, `user_id`, `album_id`, `media_id`, `created_at`) VALUES ('14', '74', '14', '14', '2018-11-01 15:14:18');
INSERT INTO `photos` (`id`, `user_id`, `album_id`, `media_id`, `created_at`) VALUES ('15', '75', '15', '15', '1984-11-20 03:03:21');
INSERT INTO `photos` (`id`, `user_id`, `album_id`, `media_id`, `created_at`) VALUES ('16', '76', '16', '16', '2021-03-08 23:25:36');
INSERT INTO `photos` (`id`, `user_id`, `album_id`, `media_id`, `created_at`) VALUES ('17', '78', '17', '17', '2009-07-23 13:00:53');
INSERT INTO `photos` (`id`, `user_id`, `album_id`, `media_id`, `created_at`) VALUES ('18', '79', '18', '18', '1989-04-03 10:53:58');
INSERT INTO `photos` (`id`, `user_id`, `album_id`, `media_id`, `created_at`) VALUES ('19', '80', '19', '19', '1974-05-09 14:24:32');
INSERT INTO `photos` (`id`, `user_id`, `album_id`, `media_id`, `created_at`) VALUES ('20', '81', '20', '20', '2005-05-28 04:49:30');
INSERT INTO `photos` (`id`, `user_id`, `album_id`, `media_id`, `created_at`) VALUES ('21', '82', '21', '21', '2012-08-16 06:27:19');
INSERT INTO `photos` (`id`, `user_id`, `album_id`, `media_id`, `created_at`) VALUES ('22', '83', '22', '22', '2008-02-25 10:19:23');
INSERT INTO `photos` (`id`, `user_id`, `album_id`, `media_id`, `created_at`) VALUES ('23', '84', '23', '23', '1998-12-31 14:31:46');
INSERT INTO `photos` (`id`, `user_id`, `album_id`, `media_id`, `created_at`) VALUES ('24', '85', '24', '24', '2014-11-19 04:52:44');
INSERT INTO `photos` (`id`, `user_id`, `album_id`, `media_id`, `created_at`) VALUES ('25', '87', '25', '25', '2005-06-25 04:15:00');
INSERT INTO `photos` (`id`, `user_id`, `album_id`, `media_id`, `created_at`) VALUES ('26', '88', '26', '26', '1972-12-04 19:51:46');
INSERT INTO `photos` (`id`, `user_id`, `album_id`, `media_id`, `created_at`) VALUES ('27', '89', '27', '27', '1996-04-27 22:50:41');
INSERT INTO `photos` (`id`, `user_id`, `album_id`, `media_id`, `created_at`) VALUES ('28', '90', '28', '28', '1972-07-15 18:46:46');
INSERT INTO `photos` (`id`, `user_id`, `album_id`, `media_id`, `created_at`) VALUES ('29', '91', '29', '29', '1977-12-10 02:07:59');
INSERT INTO `photos` (`id`, `user_id`, `album_id`, `media_id`, `created_at`) VALUES ('30', '92', '30', '30', '2011-07-01 02:39:15');
INSERT INTO `photos` (`id`, `user_id`, `album_id`, `media_id`, `created_at`) VALUES ('31', '94', '31', '31', '2016-09-01 11:40:18');
INSERT INTO `photos` (`id`, `user_id`, `album_id`, `media_id`, `created_at`) VALUES ('32', '95', '32', '32', '1981-10-15 04:03:06');
INSERT INTO `photos` (`id`, `user_id`, `album_id`, `media_id`, `created_at`) VALUES ('33', '96', '33', '33', '2010-08-29 07:33:45');
INSERT INTO `photos` (`id`, `user_id`, `album_id`, `media_id`, `created_at`) VALUES ('34', '98', '34', '34', '2003-03-21 18:03:41');
INSERT INTO `photos` (`id`, `user_id`, `album_id`, `media_id`, `created_at`) VALUES ('35', '99', '35', '35', '1974-02-10 08:53:51');
INSERT INTO `photos` (`id`, `user_id`, `album_id`, `media_id`, `created_at`) VALUES ('36', '100', '36', '36', '2005-12-29 13:22:02');
INSERT INTO `photos` (`id`, `user_id`, `album_id`, `media_id`, `created_at`) VALUES ('37', '51', '37', '37', '2001-01-04 23:32:15');
INSERT INTO `photos` (`id`, `user_id`, `album_id`, `media_id`, `created_at`) VALUES ('38', '52', '38', '38', '2004-03-27 23:20:39');
INSERT INTO `photos` (`id`, `user_id`, `album_id`, `media_id`, `created_at`) VALUES ('39', '53', '39', '39', '1970-03-14 05:47:57');
INSERT INTO `photos` (`id`, `user_id`, `album_id`, `media_id`, `created_at`) VALUES ('40', '55', '40', '40', '1996-10-06 21:17:38');
INSERT INTO `photos` (`id`, `user_id`, `album_id`, `media_id`, `created_at`) VALUES ('41', '56', '41', '41', '2018-11-27 10:20:14');
INSERT INTO `photos` (`id`, `user_id`, `album_id`, `media_id`, `created_at`) VALUES ('42', '58', '42', '42', '2000-01-23 18:33:06');
INSERT INTO `photos` (`id`, `user_id`, `album_id`, `media_id`, `created_at`) VALUES ('43', '59', '43', '43', '2019-07-31 04:38:50');
INSERT INTO `photos` (`id`, `user_id`, `album_id`, `media_id`, `created_at`) VALUES ('44', '60', '44', '44', '1977-09-17 15:35:39');
INSERT INTO `photos` (`id`, `user_id`, `album_id`, `media_id`, `created_at`) VALUES ('45', '61', '45', '45', '2013-08-16 09:22:27');
INSERT INTO `photos` (`id`, `user_id`, `album_id`, `media_id`, `created_at`) VALUES ('46', '62', '46', '46', '2014-10-12 11:38:02');
INSERT INTO `photos` (`id`, `user_id`, `album_id`, `media_id`, `created_at`) VALUES ('47', '63', '47', '47', '1983-11-01 14:42:56');
INSERT INTO `photos` (`id`, `user_id`, `album_id`, `media_id`, `created_at`) VALUES ('48', '70', '48', '48', '1999-09-06 03:50:45');
INSERT INTO `photos` (`id`, `user_id`, `album_id`, `media_id`, `created_at`) VALUES ('49', '71', '49', '49', '2016-03-21 11:28:42');
INSERT INTO `photos` (`id`, `user_id`, `album_id`, `media_id`, `created_at`) VALUES ('50', '74', '50', '50', '2010-12-06 22:03:26');



INSERT INTO `profiles` (`user_id`, `city_id`, `gender`, `birthday`, `photo_id`, `created_at`) VALUES ('51', '1', 'm', '2007-05-25', '1', '1996-11-23 14:58:46');
INSERT INTO `profiles` (`user_id`, `city_id`, `gender`, `birthday`, `photo_id`, `created_at`) VALUES ('52', '2', 'f', '2009-09-07', '2', '2009-12-10 10:02:50');
INSERT INTO `profiles` (`user_id`, `city_id`, `gender`, `birthday`, `photo_id`, `created_at`) VALUES ('53', '3', 'f', '2016-04-07', '3', '1982-10-29 09:17:30');
INSERT INTO `profiles` (`user_id`, `city_id`, `gender`, `birthday`, `photo_id`, `created_at`) VALUES ('55', '4', 'f', '2008-01-10', '4', '2005-06-09 19:02:16');
INSERT INTO `profiles` (`user_id`, `city_id`, `gender`, `birthday`, `photo_id`, `created_at`) VALUES ('56', '5', 'f', '1977-07-15', '5', '1971-02-25 14:10:11');
INSERT INTO `profiles` (`user_id`, `city_id`, `gender`, `birthday`, `photo_id`, `created_at`) VALUES ('58', '6', 'm', '2007-06-14', '6', '2002-05-13 13:46:43');
INSERT INTO `profiles` (`user_id`, `city_id`, `gender`, `birthday`, `photo_id`, `created_at`) VALUES ('59', '7', 'm', '2020-05-19', '7', '1986-11-18 06:14:39');
INSERT INTO `profiles` (`user_id`, `city_id`, `gender`, `birthday`, `photo_id`, `created_at`) VALUES ('60', '8', 'm', '2001-11-09', '8', '2008-04-02 12:23:00');
INSERT INTO `profiles` (`user_id`, `city_id`, `gender`, `birthday`, `photo_id`, `created_at`) VALUES ('61', '9', 'm', '2000-03-25', '9', '1992-02-05 16:27:41');
INSERT INTO `profiles` (`user_id`, `city_id`, `gender`, `birthday`, `photo_id`, `created_at`) VALUES ('62', '10', 'm', '1997-08-27', '10', '2004-11-20 02:49:20');
INSERT INTO `profiles` (`user_id`, `city_id`, `gender`, `birthday`, `photo_id`, `created_at`) VALUES ('63', '11', 'm', '1975-01-20', '11', '1988-12-01 07:08:04');
INSERT INTO `profiles` (`user_id`, `city_id`, `gender`, `birthday`, `photo_id`, `created_at`) VALUES ('70', '12', 'm', '1987-07-29', '12', '2003-02-20 23:38:53');
INSERT INTO `profiles` (`user_id`, `city_id`, `gender`, `birthday`, `photo_id`, `created_at`) VALUES ('71', '13', 'm', '1974-08-21', '13', '1975-07-02 11:36:13');
INSERT INTO `profiles` (`user_id`, `city_id`, `gender`, `birthday`, `photo_id`, `created_at`) VALUES ('74', '14', 'm', '2005-12-29', '14', '1977-01-10 16:30:31');
INSERT INTO `profiles` (`user_id`, `city_id`, `gender`, `birthday`, `photo_id`, `created_at`) VALUES ('75', '15', 'f', '2018-03-26', '15', '1994-11-15 22:34:54');
INSERT INTO `profiles` (`user_id`, `city_id`, `gender`, `birthday`, `photo_id`, `created_at`) VALUES ('76', '16', 'm', '1971-07-09', '16', '2012-10-19 09:18:41');
INSERT INTO `profiles` (`user_id`, `city_id`, `gender`, `birthday`, `photo_id`, `created_at`) VALUES ('78', '17', 'm', '1978-06-21', '17', '1971-04-29 12:11:32');
INSERT INTO `profiles` (`user_id`, `city_id`, `gender`, `birthday`, `photo_id`, `created_at`) VALUES ('79', '18', 'm', '1985-10-25', '18', '1988-08-23 01:49:57');
INSERT INTO `profiles` (`user_id`, `city_id`, `gender`, `birthday`, `photo_id`, `created_at`) VALUES ('80', '19', 'm', '2015-10-05', '19', '2010-08-08 19:42:35');
INSERT INTO `profiles` (`user_id`, `city_id`, `gender`, `birthday`, `photo_id`, `created_at`) VALUES ('81', '20', 'm', '1978-09-21', '20', '1998-07-27 09:34:23');
INSERT INTO `profiles` (`user_id`, `city_id`, `gender`, `birthday`, `photo_id`, `created_at`) VALUES ('82', '21', 'f', '1970-10-27', '21', '2017-10-04 18:12:30');
INSERT INTO `profiles` (`user_id`, `city_id`, `gender`, `birthday`, `photo_id`, `created_at`) VALUES ('83', '22', 'm', '2018-06-17', '22', '1979-02-27 20:22:30');
INSERT INTO `profiles` (`user_id`, `city_id`, `gender`, `birthday`, `photo_id`, `created_at`) VALUES ('84', '23', 'm', '2016-11-19', '23', '1973-01-14 12:43:49');
INSERT INTO `profiles` (`user_id`, `city_id`, `gender`, `birthday`, `photo_id`, `created_at`) VALUES ('85', '24', 'm', '2000-07-03', '24', '1985-04-30 19:17:11');
INSERT INTO `profiles` (`user_id`, `city_id`, `gender`, `birthday`, `photo_id`, `created_at`) VALUES ('87', '25', 'f', '1994-02-22', '25', '1980-03-04 11:08:22');
INSERT INTO `profiles` (`user_id`, `city_id`, `gender`, `birthday`, `photo_id`, `created_at`) VALUES ('88', '26', 'm', '2021-03-09', '26', '1970-01-29 03:58:30');
INSERT INTO `profiles` (`user_id`, `city_id`, `gender`, `birthday`, `photo_id`, `created_at`) VALUES ('89', '27', 'm', '2021-09-12', '27', '1998-11-15 05:25:06');
INSERT INTO `profiles` (`user_id`, `city_id`, `gender`, `birthday`, `photo_id`, `created_at`) VALUES ('90', '28', 'm', '1975-10-10', '28', '1993-11-29 20:17:57');
INSERT INTO `profiles` (`user_id`, `city_id`, `gender`, `birthday`, `photo_id`, `created_at`) VALUES ('91', '29', 'm', '1973-05-03', '29', '1979-11-28 15:58:23');
INSERT INTO `profiles` (`user_id`, `city_id`, `gender`, `birthday`, `photo_id`, `created_at`) VALUES ('92', '30', 'f', '1989-10-22', '30', '1998-08-10 22:03:42');
INSERT INTO `profiles` (`user_id`, `city_id`, `gender`, `birthday`, `photo_id`, `created_at`) VALUES ('94', '31', 'f', '1996-01-10', '31', '2020-11-27 20:35:39');
INSERT INTO `profiles` (`user_id`, `city_id`, `gender`, `birthday`, `photo_id`, `created_at`) VALUES ('95', '32', 'f', '1977-09-05', '32', '1992-02-24 06:11:03');
INSERT INTO `profiles` (`user_id`, `city_id`, `gender`, `birthday`, `photo_id`, `created_at`) VALUES ('96', '33', 'f', '2013-08-03', '33', '1971-05-27 15:33:08');
INSERT INTO `profiles` (`user_id`, `city_id`, `gender`, `birthday`, `photo_id`, `created_at`) VALUES ('98', '34', 'f', '1990-02-23', '34', '1976-04-05 04:19:28');
INSERT INTO `profiles` (`user_id`, `city_id`, `gender`, `birthday`, `photo_id`, `created_at`) VALUES ('99', '35', 'f', '2008-01-07', '35', '1997-11-28 19:20:10');
INSERT INTO `profiles` (`user_id`, `city_id`, `gender`, `birthday`, `photo_id`, `created_at`) VALUES ('100', '36', 'f', '1979-09-06', '36', '2018-01-07 06:44:24');



INSERT INTO `users_comminities` (`user_id`, `community_id`) VALUES ('51', '1');
INSERT INTO `users_comminities` (`user_id`, `community_id`) VALUES ('51', '37');
INSERT INTO `users_comminities` (`user_id`, `community_id`) VALUES ('52', '2');
INSERT INTO `users_comminities` (`user_id`, `community_id`) VALUES ('52', '38');
INSERT INTO `users_comminities` (`user_id`, `community_id`) VALUES ('53', '3');
INSERT INTO `users_comminities` (`user_id`, `community_id`) VALUES ('53', '39');
INSERT INTO `users_comminities` (`user_id`, `community_id`) VALUES ('55', '4');
INSERT INTO `users_comminities` (`user_id`, `community_id`) VALUES ('55', '40');
INSERT INTO `users_comminities` (`user_id`, `community_id`) VALUES ('56', '5');
INSERT INTO `users_comminities` (`user_id`, `community_id`) VALUES ('56', '41');
INSERT INTO `users_comminities` (`user_id`, `community_id`) VALUES ('58', '6');
INSERT INTO `users_comminities` (`user_id`, `community_id`) VALUES ('58', '42');
INSERT INTO `users_comminities` (`user_id`, `community_id`) VALUES ('59', '7');
INSERT INTO `users_comminities` (`user_id`, `community_id`) VALUES ('59', '43');
INSERT INTO `users_comminities` (`user_id`, `community_id`) VALUES ('60', '8');
INSERT INTO `users_comminities` (`user_id`, `community_id`) VALUES ('60', '44');
INSERT INTO `users_comminities` (`user_id`, `community_id`) VALUES ('61', '9');
INSERT INTO `users_comminities` (`user_id`, `community_id`) VALUES ('61', '45');
INSERT INTO `users_comminities` (`user_id`, `community_id`) VALUES ('62', '10');
INSERT INTO `users_comminities` (`user_id`, `community_id`) VALUES ('62', '46');
INSERT INTO `users_comminities` (`user_id`, `community_id`) VALUES ('63', '11');
INSERT INTO `users_comminities` (`user_id`, `community_id`) VALUES ('63', '47');
INSERT INTO `users_comminities` (`user_id`, `community_id`) VALUES ('70', '12');
INSERT INTO `users_comminities` (`user_id`, `community_id`) VALUES ('70', '48');
INSERT INTO `users_comminities` (`user_id`, `community_id`) VALUES ('71', '13');
INSERT INTO `users_comminities` (`user_id`, `community_id`) VALUES ('71', '49');
INSERT INTO `users_comminities` (`user_id`, `community_id`) VALUES ('74', '14');
INSERT INTO `users_comminities` (`user_id`, `community_id`) VALUES ('74', '50');
INSERT INTO `users_comminities` (`user_id`, `community_id`) VALUES ('75', '15');
INSERT INTO `users_comminities` (`user_id`, `community_id`) VALUES ('76', '16');
INSERT INTO `users_comminities` (`user_id`, `community_id`) VALUES ('78', '17');
INSERT INTO `users_comminities` (`user_id`, `community_id`) VALUES ('79', '18');
INSERT INTO `users_comminities` (`user_id`, `community_id`) VALUES ('80', '19');
INSERT INTO `users_comminities` (`user_id`, `community_id`) VALUES ('81', '20');
INSERT INTO `users_comminities` (`user_id`, `community_id`) VALUES ('82', '21');
INSERT INTO `users_comminities` (`user_id`, `community_id`) VALUES ('83', '22');
INSERT INTO `users_comminities` (`user_id`, `community_id`) VALUES ('84', '23');
INSERT INTO `users_comminities` (`user_id`, `community_id`) VALUES ('85', '24');
INSERT INTO `users_comminities` (`user_id`, `community_id`) VALUES ('87', '25');
INSERT INTO `users_comminities` (`user_id`, `community_id`) VALUES ('88', '26');
INSERT INTO `users_comminities` (`user_id`, `community_id`) VALUES ('89', '27');
INSERT INTO `users_comminities` (`user_id`, `community_id`) VALUES ('90', '28');
INSERT INTO `users_comminities` (`user_id`, `community_id`) VALUES ('91', '29');
INSERT INTO `users_comminities` (`user_id`, `community_id`) VALUES ('92', '30');
INSERT INTO `users_comminities` (`user_id`, `community_id`) VALUES ('94', '31');
INSERT INTO `users_comminities` (`user_id`, `community_id`) VALUES ('95', '32');
INSERT INTO `users_comminities` (`user_id`, `community_id`) VALUES ('96', '33');
INSERT INTO `users_comminities` (`user_id`, `community_id`) VALUES ('98', '34');
INSERT INTO `users_comminities` (`user_id`, `community_id`) VALUES ('99', '35');
INSERT INTO `users_comminities` (`user_id`, `community_id`) VALUES ('100', '36');



INSERT INTO `video_albums` (`id`, `user_id`, `name`, `created_at`, `udated_at`) VALUES ('1', '51', 'at', '1993-01-26 05:46:28', '2016-12-09 22:06:34');
INSERT INTO `video_albums` (`id`, `user_id`, `name`, `created_at`, `udated_at`) VALUES ('2', '52', 'nobis', '2018-11-14 02:54:13', '1971-01-25 17:49:02');
INSERT INTO `video_albums` (`id`, `user_id`, `name`, `created_at`, `udated_at`) VALUES ('3', '53', 'aut', '1999-10-09 19:35:44', '1999-03-29 21:13:29');
INSERT INTO `video_albums` (`id`, `user_id`, `name`, `created_at`, `udated_at`) VALUES ('4', '55', 'unde', '2012-11-21 12:20:04', '1974-06-03 01:21:58');
INSERT INTO `video_albums` (`id`, `user_id`, `name`, `created_at`, `udated_at`) VALUES ('5', '56', 'occaecati', '2021-12-06 14:19:03', '1996-02-03 08:34:04');
INSERT INTO `video_albums` (`id`, `user_id`, `name`, `created_at`, `udated_at`) VALUES ('6', '58', 'provident', '2011-09-30 15:09:19', '1996-10-25 02:23:46');
INSERT INTO `video_albums` (`id`, `user_id`, `name`, `created_at`, `udated_at`) VALUES ('7', '59', 'voluptatem', '2019-11-26 22:04:06', '1995-08-21 08:11:11');
INSERT INTO `video_albums` (`id`, `user_id`, `name`, `created_at`, `udated_at`) VALUES ('8', '60', 'tenetur', '2004-07-22 19:51:39', '2001-03-16 08:57:14');
INSERT INTO `video_albums` (`id`, `user_id`, `name`, `created_at`, `udated_at`) VALUES ('9', '61', 'voluptas', '2021-09-27 09:31:18', '2020-01-18 14:00:48');
INSERT INTO `video_albums` (`id`, `user_id`, `name`, `created_at`, `udated_at`) VALUES ('10', '62', 'iste', '2006-10-31 13:18:45', '1991-12-16 03:43:23');
INSERT INTO `video_albums` (`id`, `user_id`, `name`, `created_at`, `udated_at`) VALUES ('11', '63', 'qui', '2005-07-29 17:38:59', '1972-07-14 00:18:55');
INSERT INTO `video_albums` (`id`, `user_id`, `name`, `created_at`, `udated_at`) VALUES ('12', '70', 'eos', '2003-11-07 11:49:56', '2021-02-27 13:25:46');
INSERT INTO `video_albums` (`id`, `user_id`, `name`, `created_at`, `udated_at`) VALUES ('13', '71', 'molestias', '1972-01-03 18:58:34', '1981-07-26 07:43:26');
INSERT INTO `video_albums` (`id`, `user_id`, `name`, `created_at`, `udated_at`) VALUES ('14', '74', 'tempora', '2007-07-11 02:02:20', '1972-09-29 19:49:29');
INSERT INTO `video_albums` (`id`, `user_id`, `name`, `created_at`, `udated_at`) VALUES ('15', '75', 'quibusdam', '2015-01-28 23:29:44', '1977-12-19 15:09:30');
INSERT INTO `video_albums` (`id`, `user_id`, `name`, `created_at`, `udated_at`) VALUES ('16', '76', 'occaecati', '2004-06-11 10:45:54', '1997-01-14 08:00:26');
INSERT INTO `video_albums` (`id`, `user_id`, `name`, `created_at`, `udated_at`) VALUES ('17', '78', 'nihil', '1981-04-25 21:57:06', '1998-03-27 18:27:39');
INSERT INTO `video_albums` (`id`, `user_id`, `name`, `created_at`, `udated_at`) VALUES ('18', '79', 'voluptatem', '1987-11-01 21:37:27', '2002-04-19 04:28:18');
INSERT INTO `video_albums` (`id`, `user_id`, `name`, `created_at`, `udated_at`) VALUES ('19', '80', 'enim', '1977-08-29 05:48:51', '2014-08-23 01:12:45');
INSERT INTO `video_albums` (`id`, `user_id`, `name`, `created_at`, `udated_at`) VALUES ('20', '81', 'ut', '1975-11-29 21:31:39', '1989-07-28 11:47:18');
INSERT INTO `video_albums` (`id`, `user_id`, `name`, `created_at`, `udated_at`) VALUES ('21', '82', 'perspiciatis', '1995-01-06 07:49:11', '1992-05-31 13:53:08');
INSERT INTO `video_albums` (`id`, `user_id`, `name`, `created_at`, `udated_at`) VALUES ('22', '83', 'consequatur', '2012-12-28 10:04:52', '1977-08-07 12:25:50');
INSERT INTO `video_albums` (`id`, `user_id`, `name`, `created_at`, `udated_at`) VALUES ('23', '84', 'sed', '1986-10-21 09:02:04', '2021-05-24 23:02:59');
INSERT INTO `video_albums` (`id`, `user_id`, `name`, `created_at`, `udated_at`) VALUES ('24', '85', 'blanditiis', '1982-08-13 17:57:59', '2004-04-23 12:00:32');
INSERT INTO `video_albums` (`id`, `user_id`, `name`, `created_at`, `udated_at`) VALUES ('25', '87', 'rerum', '1988-08-29 00:35:13', '2004-07-20 15:21:34');
INSERT INTO `video_albums` (`id`, `user_id`, `name`, `created_at`, `udated_at`) VALUES ('26', '88', 'ducimus', '2019-05-29 20:11:55', '1999-01-02 16:10:54');
INSERT INTO `video_albums` (`id`, `user_id`, `name`, `created_at`, `udated_at`) VALUES ('27', '89', 'quisquam', '1975-05-29 04:49:21', '1977-10-26 03:30:40');
INSERT INTO `video_albums` (`id`, `user_id`, `name`, `created_at`, `udated_at`) VALUES ('28', '90', 'quis', '2007-07-30 14:16:47', '1984-05-02 23:13:14');
INSERT INTO `video_albums` (`id`, `user_id`, `name`, `created_at`, `udated_at`) VALUES ('29', '91', 'ut', '2004-03-06 11:48:52', '2015-12-20 18:10:58');
INSERT INTO `video_albums` (`id`, `user_id`, `name`, `created_at`, `udated_at`) VALUES ('30', '92', 'praesentium', '1970-01-29 20:48:08', '1985-08-25 20:57:33');
INSERT INTO `video_albums` (`id`, `user_id`, `name`, `created_at`, `udated_at`) VALUES ('31', '94', 'non', '1976-10-27 15:06:03', '2002-02-01 08:52:40');
INSERT INTO `video_albums` (`id`, `user_id`, `name`, `created_at`, `udated_at`) VALUES ('32', '95', 'omnis', '2022-02-04 08:00:35', '2002-07-20 22:35:26');
INSERT INTO `video_albums` (`id`, `user_id`, `name`, `created_at`, `udated_at`) VALUES ('33', '96', 'itaque', '2020-02-13 06:16:57', '1974-09-19 01:38:48');
INSERT INTO `video_albums` (`id`, `user_id`, `name`, `created_at`, `udated_at`) VALUES ('34', '98', 'consectetur', '1998-07-26 06:35:17', '1977-02-22 10:44:39');
INSERT INTO `video_albums` (`id`, `user_id`, `name`, `created_at`, `udated_at`) VALUES ('35', '99', 'illum', '2005-05-20 01:31:06', '1989-12-24 15:49:25');
INSERT INTO `video_albums` (`id`, `user_id`, `name`, `created_at`, `udated_at`) VALUES ('36', '100', 'blanditiis', '1983-11-11 21:44:31', '1978-03-20 11:27:08');
INSERT INTO `video_albums` (`id`, `user_id`, `name`, `created_at`, `udated_at`) VALUES ('37', '51', 'a', '1974-01-10 05:54:17', '2017-01-31 10:44:34');
INSERT INTO `video_albums` (`id`, `user_id`, `name`, `created_at`, `udated_at`) VALUES ('38', '52', 'vel', '2001-06-23 18:49:02', '2014-08-15 20:26:47');
INSERT INTO `video_albums` (`id`, `user_id`, `name`, `created_at`, `udated_at`) VALUES ('39', '53', 'necessitatibus', '1999-12-08 13:14:33', '1986-01-30 15:42:25');
INSERT INTO `video_albums` (`id`, `user_id`, `name`, `created_at`, `udated_at`) VALUES ('40', '55', 'sit', '2013-02-05 08:22:42', '1972-03-19 02:14:35');
INSERT INTO `video_albums` (`id`, `user_id`, `name`, `created_at`, `udated_at`) VALUES ('41', '56', 'non', '1985-07-27 18:25:57', '2010-05-21 02:53:45');
INSERT INTO `video_albums` (`id`, `user_id`, `name`, `created_at`, `udated_at`) VALUES ('42', '58', 'cum', '1979-03-15 08:57:18', '1978-12-28 18:26:57');
INSERT INTO `video_albums` (`id`, `user_id`, `name`, `created_at`, `udated_at`) VALUES ('43', '59', 'temporibus', '1977-08-30 18:58:37', '1973-08-15 00:02:05');
INSERT INTO `video_albums` (`id`, `user_id`, `name`, `created_at`, `udated_at`) VALUES ('44', '60', 'omnis', '2019-07-30 08:50:25', '1998-05-06 14:21:41');
INSERT INTO `video_albums` (`id`, `user_id`, `name`, `created_at`, `udated_at`) VALUES ('45', '61', 'non', '1977-05-02 15:56:53', '1996-01-20 10:13:51');
INSERT INTO `video_albums` (`id`, `user_id`, `name`, `created_at`, `udated_at`) VALUES ('46', '62', 'iste', '2017-11-17 13:36:10', '2016-10-06 01:00:47');
INSERT INTO `video_albums` (`id`, `user_id`, `name`, `created_at`, `udated_at`) VALUES ('47', '63', 'vero', '2017-11-05 14:09:09', '2001-08-05 01:36:56');
INSERT INTO `video_albums` (`id`, `user_id`, `name`, `created_at`, `udated_at`) VALUES ('48', '70', 'odio', '1995-04-22 03:22:45', '1974-07-20 05:08:59');
INSERT INTO `video_albums` (`id`, `user_id`, `name`, `created_at`, `udated_at`) VALUES ('49', '71', 'et', '2016-06-09 18:47:59', '2004-06-04 04:51:14');
INSERT INTO `video_albums` (`id`, `user_id`, `name`, `created_at`, `udated_at`) VALUES ('50', '74', 'a', '1997-04-13 04:27:31', '1981-02-26 07:32:06');



INSERT INTO `videos` (`id`, `user_id`, `album_id`, `media_id`, `created_at`) VALUES ('1', '51', '1', '1', '1992-06-07 07:34:02');
INSERT INTO `videos` (`id`, `user_id`, `album_id`, `media_id`, `created_at`) VALUES ('2', '52', '2', '2', '1997-05-07 00:46:13');
INSERT INTO `videos` (`id`, `user_id`, `album_id`, `media_id`, `created_at`) VALUES ('3', '53', '3', '3', '1993-08-15 09:53:44');
INSERT INTO `videos` (`id`, `user_id`, `album_id`, `media_id`, `created_at`) VALUES ('4', '55', '4', '4', '2005-03-25 14:05:51');
INSERT INTO `videos` (`id`, `user_id`, `album_id`, `media_id`, `created_at`) VALUES ('5', '56', '5', '5', '2020-12-14 19:26:48');
INSERT INTO `videos` (`id`, `user_id`, `album_id`, `media_id`, `created_at`) VALUES ('6', '58', '6', '6', '1980-07-27 12:38:05');
INSERT INTO `videos` (`id`, `user_id`, `album_id`, `media_id`, `created_at`) VALUES ('7', '59', '7', '7', '1972-08-05 00:17:48');
INSERT INTO `videos` (`id`, `user_id`, `album_id`, `media_id`, `created_at`) VALUES ('8', '60', '8', '8', '1986-05-13 04:55:05');
INSERT INTO `videos` (`id`, `user_id`, `album_id`, `media_id`, `created_at`) VALUES ('9', '61', '9', '9', '1983-07-23 02:50:43');
INSERT INTO `videos` (`id`, `user_id`, `album_id`, `media_id`, `created_at`) VALUES ('10', '62', '10', '10', '1990-04-20 04:03:50');
INSERT INTO `videos` (`id`, `user_id`, `album_id`, `media_id`, `created_at`) VALUES ('11', '63', '11', '11', '1994-11-25 12:41:03');
INSERT INTO `videos` (`id`, `user_id`, `album_id`, `media_id`, `created_at`) VALUES ('12', '70', '12', '12', '2018-03-24 04:05:54');
INSERT INTO `videos` (`id`, `user_id`, `album_id`, `media_id`, `created_at`) VALUES ('13', '71', '13', '13', '2012-11-08 06:38:19');
INSERT INTO `videos` (`id`, `user_id`, `album_id`, `media_id`, `created_at`) VALUES ('14', '74', '14', '14', '2012-06-15 19:29:43');
INSERT INTO `videos` (`id`, `user_id`, `album_id`, `media_id`, `created_at`) VALUES ('15', '75', '15', '15', '1998-01-13 16:32:11');
INSERT INTO `videos` (`id`, `user_id`, `album_id`, `media_id`, `created_at`) VALUES ('16', '76', '16', '16', '2009-03-27 16:45:52');
INSERT INTO `videos` (`id`, `user_id`, `album_id`, `media_id`, `created_at`) VALUES ('17', '78', '17', '17', '2001-12-06 11:05:40');
INSERT INTO `videos` (`id`, `user_id`, `album_id`, `media_id`, `created_at`) VALUES ('18', '79', '18', '18', '1982-04-13 22:33:41');
INSERT INTO `videos` (`id`, `user_id`, `album_id`, `media_id`, `created_at`) VALUES ('19', '80', '19', '19', '2020-11-01 00:54:12');
INSERT INTO `videos` (`id`, `user_id`, `album_id`, `media_id`, `created_at`) VALUES ('20', '81', '20', '20', '1975-03-15 08:53:59');
INSERT INTO `videos` (`id`, `user_id`, `album_id`, `media_id`, `created_at`) VALUES ('21', '82', '21', '21', '1973-01-21 08:23:32');
INSERT INTO `videos` (`id`, `user_id`, `album_id`, `media_id`, `created_at`) VALUES ('22', '83', '22', '22', '2012-10-30 10:11:39');
INSERT INTO `videos` (`id`, `user_id`, `album_id`, `media_id`, `created_at`) VALUES ('23', '84', '23', '23', '2021-08-20 13:37:29');
INSERT INTO `videos` (`id`, `user_id`, `album_id`, `media_id`, `created_at`) VALUES ('24', '85', '24', '24', '2015-12-02 08:58:11');
INSERT INTO `videos` (`id`, `user_id`, `album_id`, `media_id`, `created_at`) VALUES ('25', '87', '25', '25', '2010-11-22 01:04:34');
INSERT INTO `videos` (`id`, `user_id`, `album_id`, `media_id`, `created_at`) VALUES ('26', '88', '26', '26', '2001-06-08 02:14:51');
INSERT INTO `videos` (`id`, `user_id`, `album_id`, `media_id`, `created_at`) VALUES ('27', '89', '27', '27', '1983-10-06 14:23:46');
INSERT INTO `videos` (`id`, `user_id`, `album_id`, `media_id`, `created_at`) VALUES ('28', '90', '28', '28', '1979-02-04 06:37:14');
INSERT INTO `videos` (`id`, `user_id`, `album_id`, `media_id`, `created_at`) VALUES ('29', '91', '29', '29', '1982-06-08 01:17:42');
INSERT INTO `videos` (`id`, `user_id`, `album_id`, `media_id`, `created_at`) VALUES ('30', '92', '30', '30', '1985-03-07 18:09:17');
INSERT INTO `videos` (`id`, `user_id`, `album_id`, `media_id`, `created_at`) VALUES ('31', '94', '31', '31', '2001-09-30 20:21:02');
INSERT INTO `videos` (`id`, `user_id`, `album_id`, `media_id`, `created_at`) VALUES ('32', '95', '32', '32', '2012-06-21 19:24:28');
INSERT INTO `videos` (`id`, `user_id`, `album_id`, `media_id`, `created_at`) VALUES ('33', '96', '33', '33', '2022-04-06 06:49:50');
INSERT INTO `videos` (`id`, `user_id`, `album_id`, `media_id`, `created_at`) VALUES ('34', '98', '34', '34', '1995-05-26 03:18:10');
INSERT INTO `videos` (`id`, `user_id`, `album_id`, `media_id`, `created_at`) VALUES ('35', '99', '35', '35', '2012-08-19 00:33:53');
INSERT INTO `videos` (`id`, `user_id`, `album_id`, `media_id`, `created_at`) VALUES ('36', '100', '36', '36', '1994-11-22 02:19:15');
INSERT INTO `videos` (`id`, `user_id`, `album_id`, `media_id`, `created_at`) VALUES ('37', '51', '37', '37', '1979-03-14 01:47:36');
INSERT INTO `videos` (`id`, `user_id`, `album_id`, `media_id`, `created_at`) VALUES ('38', '52', '38', '38', '2020-09-25 00:52:06');
INSERT INTO `videos` (`id`, `user_id`, `album_id`, `media_id`, `created_at`) VALUES ('39', '53', '39', '39', '1992-05-01 23:51:37');
INSERT INTO `videos` (`id`, `user_id`, `album_id`, `media_id`, `created_at`) VALUES ('40', '55', '40', '40', '1982-06-30 20:36:52');
INSERT INTO `videos` (`id`, `user_id`, `album_id`, `media_id`, `created_at`) VALUES ('41', '56', '41', '41', '2014-12-14 09:23:33');
INSERT INTO `videos` (`id`, `user_id`, `album_id`, `media_id`, `created_at`) VALUES ('42', '58', '42', '42', '2003-07-24 06:27:09');
INSERT INTO `videos` (`id`, `user_id`, `album_id`, `media_id`, `created_at`) VALUES ('43', '59', '43', '43', '1970-03-20 06:09:07');
INSERT INTO `videos` (`id`, `user_id`, `album_id`, `media_id`, `created_at`) VALUES ('44', '60', '44', '44', '2017-01-22 21:14:39');
INSERT INTO `videos` (`id`, `user_id`, `album_id`, `media_id`, `created_at`) VALUES ('45', '61', '45', '45', '1994-10-17 14:22:34');
INSERT INTO `videos` (`id`, `user_id`, `album_id`, `media_id`, `created_at`) VALUES ('46', '62', '46', '46', '1995-04-27 05:58:04');
INSERT INTO `videos` (`id`, `user_id`, `album_id`, `media_id`, `created_at`) VALUES ('47', '63', '47', '47', '1979-07-07 02:21:02');
INSERT INTO `videos` (`id`, `user_id`, `album_id`, `media_id`, `created_at`) VALUES ('48', '70', '48', '48', '2000-08-31 13:46:06');
INSERT INTO `videos` (`id`, `user_id`, `album_id`, `media_id`, `created_at`) VALUES ('49', '71', '49', '49', '1972-08-22 00:54:34');
INSERT INTO `videos` (`id`, `user_id`, `album_id`, `media_id`, `created_at`) VALUES ('50', '74', '50', '50', '1988-01-27 05:46:38');



INSERT IGNORE INTO `friend_requests` (`id`, `initiator_user_id`, `target_user_id`, `status`, `created_at`, `updated_at`) VALUES ('51', '51', '51', 'approved', '1998-01-09 14:47:18', '1997-08-11 12:55:30');
INSERT IGNORE INTO `friend_requests` (`id`, `initiator_user_id`, `target_user_id`, `status`, `created_at`, `updated_at`) VALUES ('52', '52', '51', 'declined', '2005-02-16 13:11:42', '2007-03-27 06:22:16');
INSERT IGNORE INTO `friend_requests` (`id`, `initiator_user_id`, `target_user_id`, `status`, `created_at`, `updated_at`) VALUES ('53', '53', '51', 'declined', '2014-11-10 00:46:15', '1983-09-23 09:53:53');
INSERT IGNORE INTO `friend_requests` (`id`, `initiator_user_id`, `target_user_id`, `status`, `created_at`, `updated_at`) VALUES ('54', '55', '51', 'requested', '2004-12-03 07:32:15', '1979-03-05 06:52:50');
INSERT IGNORE INTO `friend_requests` (`id`, `initiator_user_id`, `target_user_id`, `status`, `created_at`, `updated_at`) VALUES ('55', '56', '51', 'declined', '1995-11-27 17:03:52', '1980-05-24 04:50:09');
INSERT IGNORE INTO `friend_requests` (`id`, `initiator_user_id`, `target_user_id`, `status`, `created_at`, `updated_at`) VALUES ('56', '58', '56', 'unfriended', '2008-09-08 09:33:23', '1988-12-24 05:27:38');
INSERT IGNORE INTO `friend_requests` (`id`, `initiator_user_id`, `target_user_id`, `status`, `created_at`, `updated_at`) VALUES ('57', '59', '56', 'requested', '1974-07-27 01:57:18', '1990-05-24 17:29:52');
INSERT IGNORE INTO `friend_requests` (`id`, `initiator_user_id`, `target_user_id`, `status`, `created_at`, `updated_at`) VALUES ('58', '60', '56', 'approved', '1991-02-14 01:07:13', '1975-05-22 13:11:40');
INSERT IGNORE INTO `friend_requests` (`id`, `initiator_user_id`, `target_user_id`, `status`, `created_at`, `updated_at`) VALUES ('59', '61', '56', 'requested', '1994-09-27 08:51:55', '1974-03-19 04:04:22');
INSERT IGNORE INTO `friend_requests` (`id`, `initiator_user_id`, `target_user_id`, `status`, `created_at`, `updated_at`) VALUES ('60', '62', '62', 'requested', '2012-07-02 11:40:52', '2008-01-04 12:12:35');
INSERT IGNORE INTO `friend_requests` (`id`, `initiator_user_id`, `target_user_id`, `status`, `created_at`, `updated_at`) VALUES ('61', '62', '63', 'requested', '1976-11-22 03:19:16', '1990-06-17 13:21:12');
INSERT IGNORE INTO `friend_requests` (`id`, `initiator_user_id`, `target_user_id`, `status`, `created_at`, `updated_at`) VALUES ('62', '62', '70', 'requested', '1990-09-08 18:46:26', '1970-08-04 09:09:47');
INSERT IGNORE INTO `friend_requests` (`id`, `initiator_user_id`, `target_user_id`, `status`, `created_at`, `updated_at`) VALUES ('63', '62', '71', 'declined', '2018-12-24 19:41:27', '1979-03-27 06:35:16');
INSERT IGNORE INTO `friend_requests` (`id`, `initiator_user_id`, `target_user_id`, `status`, `created_at`, `updated_at`) VALUES ('64', '62', '74', 'requested', '1987-08-28 02:42:08', '1977-05-05 10:09:16');
INSERT IGNORE INTO `friend_requests` (`id`, `initiator_user_id`, `target_user_id`, `status`, `created_at`, `updated_at`) VALUES ('65', '62', '75', 'declined', '2010-11-27 21:30:18', '2000-12-27 21:42:11');
INSERT IGNORE INTO `friend_requests` (`id`, `initiator_user_id`, `target_user_id`, `status`, `created_at`, `updated_at`) VALUES ('66', '76', '76', 'approved', '2000-01-30 06:58:18', '1992-01-01 01:20:57');
INSERT IGNORE INTO `friend_requests` (`id`, `initiator_user_id`, `target_user_id`, `status`, `created_at`, `updated_at`) VALUES ('67', '78', '78', 'requested', '1991-12-03 11:46:22', '1992-10-09 07:05:41');
INSERT IGNORE INTO `friend_requests` (`id`, `initiator_user_id`, `target_user_id`, `status`, `created_at`, `updated_at`) VALUES ('68', '76', '79', 'requested', '1981-07-06 01:42:43', '1985-05-10 01:15:42');
INSERT IGNORE INTO `friend_requests` (`id`, `initiator_user_id`, `target_user_id`, `status`, `created_at`, `updated_at`) VALUES ('69', '76', '80', 'approved', '2017-12-18 21:22:08', '1975-06-26 01:34:11');
INSERT IGNORE INTO `friend_requests` (`id`, `initiator_user_id`, `target_user_id`, `status`, `created_at`, `updated_at`) VALUES ('70', '81', '81', 'approved', '1970-04-21 20:31:26', '1996-09-29 04:23:43');
INSERT IGNORE INTO `friend_requests` (`id`, `initiator_user_id`, `target_user_id`, `status`, `created_at`, `updated_at`) VALUES ('71', '76', '82', 'requested', '2002-11-17 00:06:41', '1998-12-23 14:19:31');
INSERT IGNORE INTO `friend_requests` (`id`, `initiator_user_id`, `target_user_id`, `status`, `created_at`, `updated_at`) VALUES ('72', '76', '83', 'approved', '1981-04-24 16:15:44', '2000-03-23 21:08:31');
INSERT IGNORE INTO `friend_requests` (`id`, `initiator_user_id`, `target_user_id`, `status`, `created_at`, `updated_at`) VALUES ('73', '84', '83', 'unfriended', '1987-03-01 21:21:03', '2019-02-28 06:08:48');
INSERT IGNORE INTO `friend_requests` (`id`, `initiator_user_id`, `target_user_id`, `status`, `created_at`, `updated_at`) VALUES ('74', '85', '83', 'unfriended', '1975-10-31 00:24:24', '1972-10-29 14:35:44');
INSERT IGNORE INTO `friend_requests` (`id`, `initiator_user_id`, `target_user_id`, `status`, `created_at`, `updated_at`) VALUES ('75', '87', '83', 'approved', '1981-12-30 20:25:32', '2008-01-26 18:53:53');
INSERT IGNORE INTO `friend_requests` (`id`, `initiator_user_id`, `target_user_id`, `status`, `created_at`, `updated_at`) VALUES ('76', '88', '83', 'requested', '2005-02-22 11:24:13', '1974-03-04 07:04:40');
INSERT IGNORE INTO `friend_requests` (`id`, `initiator_user_id`, `target_user_id`, `status`, `created_at`, `updated_at`) VALUES ('77', '89', '83', 'requested', '2015-01-25 06:16:36', '1970-08-12 22:52:01');
INSERT IGNORE INTO `friend_requests` (`id`, `initiator_user_id`, `target_user_id`, `status`, `created_at`, `updated_at`) VALUES ('78', '90', '90', 'declined', '1991-06-18 20:04:45', '1984-08-26 08:00:54');
INSERT IGNORE INTO `friend_requests` (`id`, `initiator_user_id`, `target_user_id`, `status`, `created_at`, `updated_at`) VALUES ('79', '90', '91', 'unfriended', '1989-07-24 00:07:15', '1989-08-24 10:57:27');
INSERT IGNORE INTO `friend_requests` (`id`, `initiator_user_id`, `target_user_id`, `status`, `created_at`, `updated_at`) VALUES ('80', '92', '91', 'requested', '1994-02-09 19:55:21', '1994-10-19 18:05:38');
INSERT IGNORE INTO `friend_requests` (`id`, `initiator_user_id`, `target_user_id`, `status`, `created_at`, `updated_at`) VALUES ('81', '94', '94', 'declined', '2017-06-25 04:28:19', '1987-01-02 22:19:34');
INSERT IGNORE INTO `friend_requests` (`id`, `initiator_user_id`, `target_user_id`, `status`, `created_at`, `updated_at`) VALUES ('82', '95', '94', 'requested', '2020-07-11 11:34:06', '1993-07-13 20:46:15');
INSERT IGNORE INTO `friend_requests` (`id`, `initiator_user_id`, `target_user_id`, `status`, `created_at`, `updated_at`) VALUES ('83', '96', '96', 'declined', '1991-12-27 13:26:50', '2016-11-16 12:14:13');
INSERT IGNORE INTO `friend_requests` (`id`, `initiator_user_id`, `target_user_id`, `status`, `created_at`, `updated_at`) VALUES ('84', '98', '98', 'approved', '1978-12-23 11:51:49', '2011-12-12 01:03:43');
INSERT IGNORE INTO `friend_requests` (`id`, `initiator_user_id`, `target_user_id`, `status`, `created_at`, `updated_at`) VALUES ('85', '99', '99', 'approved', '1997-11-12 12:03:20', '2020-09-02 14:54:13');
INSERT IGNORE INTO `friend_requests` (`id`, `initiator_user_id`, `target_user_id`, `status`, `created_at`, `updated_at`) VALUES ('86', '100', '100', 'approved', '1978-08-02 05:50:54', '2005-12-05 18:43:16');
